"","ladcode18","laname18","Sum2011ten","Sum2001zero","Change_2001to2011","Perc_Cat"
"1","E06000001","Hartlepool",1067,1044,2.20306513409962," -5.0  -  4.99"
"2","E06000002","Middlesbrough",1624,1674,-2.9868578255675," -5.0  -  4.99"
"3","E06000003","Redcar and Cleveland",1414,1402,0.855920114122682," -5.0  -  4.99"
"4","E06000004","Stockton-on-Tees",2098,1926,8.93042575285566,"  5.0  - 15.99"
"5","E06000005","Darlington",1107,1013,9.27936821322804,"  5.0  - 15.99"
"6","E06000006","Halton",1462,1370,6.71532846715328,"  5.0  - 15.99"
"7","E06000007","Warrington",2279,2134,6.79475164011247,"  5.0  - 15.99"
"8","E06000008","Blackburn with Darwen",1954,1935,0.981912144702842," -5.0  -  4.99"
"9","E06000009","Blackpool",1438,1358,5.89101620029455,"  5.0  - 15.99"
"10","E06000010","Kingston upon Hull, City of",2593,2759,-6.01667270750272," -16.0 - -5.01"
"11","E06000011","East Riding of Yorkshire",3472,2882,20.471894517696," 16.0  - 27.99"
"12","E06000012","North East Lincolnshire",1686,1772,-4.85327313769752," -5.0  -  4.99"
"13","E06000013","North Lincolnshire",1860,1633,13.9007960808328,"  5.0  - 15.99"
"14","E06000014","York",1851,1737,6.56303972366149,"  5.0  - 15.99"
"15","E06000015","Derby",2854,2709,5.35252860834256,"  5.0  - 15.99"
"16","E06000016","Leicester",3856,3890,-0.874035989717224," -5.0  -  4.99"
"17","E06000017","Rutland",372,349,6.59025787965616,"  5.0  - 15.99"
"18","E06000018","Nottingham",3084,3074,0.325309043591412," -5.0  -  4.99"
"19","E06000019","Herefordshire, County of",1874,1646,13.8517618469016,"  5.0  - 15.99"
"20","E06000020","Telford and Wrekin",1944,1921,1.19729307652264," -5.0  -  4.99"
"21","E06000021","Stoke-on-Trent",2661,2729,-2.49175522169293," -5.0  -  4.99"
"22","E06000022","Bath and North East Somerset",1815,1694,7.14285714285714,"  5.0  - 15.99"
"23","E06000023","Bristol, City of",4103,4774,-14.0552995391705," -16.0 - -5.01"
"24","E06000024","North Somerset",2202,1867,17.94322442421," 16.0  - 27.99"
"25","E06000025","South Gloucestershire",2974,2775,7.17117117117117,"  5.0  - 15.99"
"26","E06000026","Plymouth",2456,2438,0.7383100902379," -5.0  -  4.99"
"27","E06000027","Torbay",1163,1098,5.91985428051002,"  5.0  - 15.99"
"28","E06000028","Bournemouth",1566,1523,2.82337491792515," -5.0  -  4.99"
"29","E06000029","Poole",1521,1417,7.3394495412844,"  5.0  - 15.99"
"30","E06000030","Swindon",2393,2204,8.57531760435572,"  5.0  - 15.99"
"31","E06000031","Peterborough",2218,2032,9.15354330708661,"  5.0  - 15.99"
"32","E06000032","Luton",2570,2776,-7.4207492795389," -16.0 - -5.01"
"33","E06000033","Southend-on-Sea",1942,1771,9.65556182947487,"  5.0  - 15.99"
"34","E06000034","Thurrock",1875,1918,-2.24191866527633," -5.0  -  4.99"
"35","E06000035","Medway",3133,3014,3.94824153948242," -5.0  -  4.99"
"36","E06000036","Bracknell Forest",1323,1479,-10.5476673427992," -16.0 - -5.01"
"37","E06000037","West Berkshire",1822,1656,10.024154589372,"  5.0  - 15.99"
"38","E06000038","Reading",1547,1831,-15.5106499180776," -16.0 - -5.01"
"39","E06000039","Slough",1834,1675,9.49253731343284,"  5.0  - 15.99"
"40","E06000040","Windsor and Maidenhead",1703,1591,7.03959773727216,"  5.0  - 15.99"
"41","E06000041","Wokingham",1894,1733,9.29024812463935,"  5.0  - 15.99"
"42","E06000042","Milton Keynes",3094,2751,12.4681933842239,"  5.0  - 15.99"
"43","E06000043","Brighton and Hove",2709,2709,0," -5.0  -  4.99"
"44","E06000044","Portsmouth",2056,2247,-8.50022251891411," -16.0 - -5.01"
"45","E06000045","Southampton",2194,2356,-6.87606112054329," -16.0 - -5.01"
"46","E06000046","Isle of Wight",1463,1215,20.4115226337449," 16.0  - 27.99"
"47","E06000047","County Durham",5105,4673,9.24459661887438,"  5.0  - 15.99"
"48","E06000049","Cheshire East",3973,3599,10.3917754931926,"  5.0  - 15.99"
"49","E06000050","Cheshire West and Chester",3484,3513,-0.825505266154284," -5.0  -  4.99"
"50","E06000051","Shropshire",3219,2761,16.5881926838102," 16.0  - 27.99"
"51","E06000052","Cornwall",5470,4605,18.7839305103149," 16.0  - 27.99"
"52","E06000053","Isles of Scilly",23,21,9.52380952380952,"  5.0  - 15.99"
"53","E06000054","Wiltshire",5440,5147,5.69263648727414,"  5.0  - 15.99"
"54","E06000055","Bedford",1856,1712,8.41121495327103,"  5.0  - 15.99"
"55","E06000056","Central Bedfordshire",3007,2936,2.41825613079019," -5.0  -  4.99"
"56","E06000057","Northumberland",3306,2867,15.3121730031392,"  5.0  - 15.99"
"57","E07000004","Aylesbury Vale",2133,2247,-5.07343124165554," -16.0 - -5.01"
"58","E07000005","Chiltern",1189,1045,13.7799043062201,"  5.0  - 15.99"
"59","E07000006","South Bucks",770,634,21.4511041009464," 16.0  - 27.99"
"60","E07000007","Wycombe",2131,2147,-0.745225896599907," -5.0  -  4.99"
"61","E07000008","Cambridge",959,1107,-13.3694670280036," -16.0 - -5.01"
"62","E07000009","East Cambridgeshire",861,821,4.8721071863581," -5.0  -  4.99"
"63","E07000010","Fenland",1025,905,13.2596685082873,"  5.0  - 15.99"
"64","E07000011","Huntingdonshire",1985,1898,4.58377239199157," -5.0  -  4.99"
"65","E07000012","South Cambridgeshire",1817,1448,25.4834254143646," 16.0  - 27.99"
"66","E07000026","Allerdale",977,848,15.2122641509434,"  5.0  - 15.99"
"67","E07000027","Barrow-in-Furness",781,821,-4.8721071863581," -5.0  -  4.99"
"68","E07000028","Carlisle",1085,1019,6.47693817468106,"  5.0  - 15.99"
"69","E07000029","Copeland",715,659,8.49772382397572,"  5.0  - 15.99"
"70","E07000030","Eden",518,475,9.05263157894737,"  5.0  - 15.99"
"71","E07000031","South Lakeland",943,883,6.79501698754247,"  5.0  - 15.99"
"72","E07000032","Amber Valley",1287,1206,6.71641791044776,"  5.0  - 15.99"
"73","E07000033","Bolsover",786,740,6.21621621621622,"  5.0  - 15.99"
"74","E07000034","Chesterfield",1043,988,5.5668016194332,"  5.0  - 15.99"
"75","E07000035","Derbyshire Dales",725,607,19.4398682042834," 16.0  - 27.99"
"76","E07000036","Erewash",1139,1176,-3.14625850340136," -5.0  -  4.99"
"77","E07000037","High Peak",988,944,4.66101694915254," -5.0  -  4.99"
"78","E07000038","North East Derbyshire",1039,829,25.3317249698432," 16.0  - 27.99"
"79","E07000039","South Derbyshire",1126,905,24.4198895027624," 16.0  - 27.99"
"80","E07000040","East Devon",1306,985,32.5888324873096," 28.0  - 50.00"
"81","E07000041","Exeter",1024,1091,-6.14115490375802," -16.0 - -5.01"
"82","E07000042","Mid Devon",865,720,20.1388888888889," 16.0  - 27.99"
"83","E07000043","North Devon",972,826,17.6755447941889," 16.0  - 27.99"
"84","E07000044","South Hams",859,698,23.0659025787966," 16.0  - 27.99"
"85","E07000045","Teignbridge",1298,1134,14.4620811287478,"  5.0  - 15.99"
"86","E07000046","Torridge",648,504,28.5714285714286," 28.0  - 50.00"
"87","E07000047","West Devon",546,405,34.8148148148148," 28.0  - 50.00"
"88","E07000048","Christchurch",469,358,31.0055865921788," 28.0  - 50.00"
"89","E07000049","East Dorset",881,641,37.4414976599064," 28.0  - 50.00"
"90","E07000050","North Dorset",703,533,31.8949343339587," 28.0  - 50.00"
"91","E07000051","Purbeck",436,358,21.7877094972067," 16.0  - 27.99"
"92","E07000052","West Dorset",948,757,25.2311756935271," 16.0  - 27.99"
"93","E07000053","Weymouth and Portland",632,593,6.57672849915683,"  5.0  - 15.99"
"94","E07000061","Eastbourne",1025,901,13.7624861265261,"  5.0  - 15.99"
"95","E07000062","Hastings",992,971,2.16271884654995," -5.0  -  4.99"
"96","E07000063","Lewes",1089,911,19.5389681668496," 16.0  - 27.99"
"97","E07000064","Rother",877,652,34.5092024539877," 28.0  - 50.00"
"98","E07000065","Wealden",1661,1330,24.8872180451128," 16.0  - 27.99"
"99","E07000066","Basildon",2044,2069,-1.20831319478009," -5.0  -  4.99"
"100","E07000067","Braintree",1761,1583,11.2444725205306,"  5.0  - 15.99"
"101","E07000068","Brentwood",853,685,24.5255474452555," 16.0  - 27.99"
"102","E07000069","Castle Point",961,836,14.9521531100478,"  5.0  - 15.99"
"103","E07000070","Chelmsford",1899,1640,15.7926829268293,"  5.0  - 15.99"
"104","E07000071","Colchester",1892,1806,4.76190476190476," -5.0  -  4.99"
"105","E07000072","Epping Forest",1339,1423,-5.90302178496135," -16.0 - -5.01"
"106","E07000073","Harlow",919,1062,-13.4651600753296," -16.0 - -5.01"
"107","E07000074","Maldon",698,637,9.57613814756672,"  5.0  - 15.99"
"108","E07000075","Rochford",901,769,17.1651495448635," 16.0  - 27.99"
"109","E07000076","Tendring",1379,1286,7.23172628304821,"  5.0  - 15.99"
"110","E07000077","Uttlesford",1023,727,40.7152682255846," 28.0  - 50.00"
"111","E07000078","Cheltenham",1085,1197,-9.35672514619883," -16.0 - -5.01"
"112","E07000079","Cotswold",885,816,8.45588235294118,"  5.0  - 15.99"
"113","E07000080","Forest of Dean",868,858,1.16550116550117," -5.0  -  4.99"
"114","E07000081","Gloucester",1435,1355,5.90405904059041,"  5.0  - 15.99"
"115","E07000082","Stroud",1314,1219,7.79327317473339,"  5.0  - 15.99"
"116","E07000083","Tewkesbury",911,808,12.7475247524752,"  5.0  - 15.99"
"117","E07000084","Basingstoke and Deane",1935,1875,3.2," -5.0  -  4.99"
"118","E07000085","East Hampshire",1352,1098,23.1329690346084," 16.0  - 27.99"
"119","E07000086","Eastleigh",1389,1279,8.60046911649726,"  5.0  - 15.99"
"120","E07000087","Fareham",1250,1133,10.3265666372462,"  5.0  - 15.99"
"121","E07000088","Gosport",972,910,6.81318681318681,"  5.0  - 15.99"
"122","E07000089","Hart",1187,944,25.7415254237288," 16.0  - 27.99"
"123","E07000090","Havant",1288,1188,8.41750841750842,"  5.0  - 15.99"
"124","E07000091","New Forest",1826,1502,21.5712383488682," 16.0  - 27.99"
"125","E07000092","Rushmoor",1049,1258,-16.6136724960254," -28.0 - -16.01"
"126","E07000093","Test Valley",1340,1153,16.2185602775369," 16.0  - 27.99"
"127","E07000094","Winchester",1318,1105,19.2760180995475," 16.0  - 27.99"
"128","E07000095","Broxbourne",1098,1017,7.9646017699115,"  5.0  - 15.99"
"129","E07000096","Dacorum",1768,1782,-0.785634118967452," -5.0  -  4.99"
"130","E07000098","Hertsmere",1192,1136,4.92957746478873," -5.0  -  4.99"
"131","E07000099","North Hertfordshire",1484,1388,6.9164265129683,"  5.0  - 15.99"
"132","E07000102","Three Rivers",1123,983,14.2421159715158,"  5.0  - 15.99"
"133","E07000103","Watford",1010,1021,-1.07737512242899," -5.0  -  4.99"
"134","E07000105","Ashford",1535,1262,21.6323296354992," 16.0  - 27.99"
"135","E07000106","Canterbury",1497,1231,21.608448415922," 16.0  - 27.99"
"136","E07000107","Dartford",1126,1056,6.62878787878788,"  5.0  - 15.99"
"137","E07000108","Dover",1148,998,15.0300601202405,"  5.0  - 15.99"
"138","E07000109","Gravesham",1246,1081,15.263644773358,"  5.0  - 15.99"
"139","E07000110","Maidstone",1830,1493,22.5720026791695," 16.0  - 27.99"
"140","E07000111","Sevenoaks",1399,1151,21.5464813205908," 16.0  - 27.99"
"141","E07000112","Folkestone and Hythe",1150,912,26.0964912280702," 16.0  - 27.99"
"142","E07000113","Swale",1625,1440,12.8472222222222,"  5.0  - 15.99"
"143","E07000114","Thanet",1493,1231,21.2835093419984," 16.0  - 27.99"
"144","E07000115","Tonbridge and Malling",1521,1259,20.8101667990469," 16.0  - 27.99"
"145","E07000116","Tunbridge Wells",1429,1153,23.937554206418," 16.0  - 27.99"
"146","E07000117","Burnley",973,1010,-3.66336633663366," -5.0  -  4.99"
"147","E07000118","Chorley",1185,1079,9.82391102873031,"  5.0  - 15.99"
"148","E07000119","Fylde",768,687,11.7903930131004,"  5.0  - 15.99"
"149","E07000120","Hyndburn",952,1013,-6.02171767028628," -16.0 - -5.01"
"150","E07000121","Lancaster",1413,1454,-2.81980742778542," -5.0  -  4.99"
"151","E07000122","Pendle",1085,1162,-6.62650602409639," -16.0 - -5.01"
"152","E07000123","Preston",1531,1501,1.99866755496336," -5.0  -  4.99"
"153","E07000124","Ribble Valley",715,578,23.7024221453287," 16.0  - 27.99"
"154","E07000125","Rossendale",776,742,4.5822102425876," -5.0  -  4.99"
"155","E07000126","South Ribble",1178,1074,9.68342644320298,"  5.0  - 15.99"
"156","E07000127","West Lancashire",1236,1102,12.1597096188748,"  5.0  - 15.99"
"157","E07000128","Wyre",1078,1051,2.56898192197907," -5.0  -  4.99"
"158","E07000129","Blaby",1069,919,16.3220892274211," 16.0  - 27.99"
"159","E07000130","Charnwood",1655,1569,5.48119821542384,"  5.0  - 15.99"
"160","E07000131","Harborough",1105,877,25.9977194982896," 16.0  - 27.99"
"161","E07000132","Hinckley and Bosworth",1175,1057,11.1636707663198,"  5.0  - 15.99"
"162","E07000133","Melton",573,521,9.98080614203455,"  5.0  - 15.99"
"163","E07000134","North West Leicestershire",1035,934,10.813704496788,"  5.0  - 15.99"
"164","E07000135","Oadby and Wigston",585,518,12.9343629343629,"  5.0  - 15.99"
"165","E07000136","Boston",633,566,11.8374558303887,"  5.0  - 15.99"
"166","E07000137","East Lindsey",1298,1101,17.8928247048138," 16.0  - 27.99"
"167","E07000138","Lincoln",857,968,-11.4669421487603," -16.0 - -5.01"
"168","E07000139","North Kesteven",1212,905,33.9226519337017," 28.0  - 50.00"
"169","E07000140","South Holland",920,702,31.0541310541311," 28.0  - 50.00"
"170","E07000141","South Kesteven",1533,1241,23.5294117647059," 16.0  - 27.99"
"171","E07000142","West Lindsey",978,658,48.6322188449848," 28.0  - 50.00"
"172","E07000143","Breckland",1342,1242,8.05152979066023,"  5.0  - 15.99"
"173","E07000144","Broadland",1349,1119,20.5540661304736," 16.0  - 27.99"
"174","E07000145","Great Yarmouth",1060,859,23.3993015133877," 16.0  - 27.99"
"175","E07000146","King's Lynn and West Norfolk",1518,1322,14.8260211800303,"  5.0  - 15.99"
"176","E07000147","North Norfolk",872,716,21.7877094972067," 16.0  - 27.99"
"177","E07000148","Norwich",1124,1277,-11.9812059514487," -16.0 - -5.01"
"178","E07000149","South Norfolk",1395,1058,31.8525519848771," 28.0  - 50.00"
"179","E07000150","Corby",720,613,17.4551386623165," 16.0  - 27.99"
"180","E07000151","Daventry",974,778,25.1928020565553," 16.0  - 27.99"
"181","E07000152","East Northamptonshire",1022,886,15.3498871331828,"  5.0  - 15.99"
"182","E07000153","Kettering",1110,979,13.3810010214505,"  5.0  - 15.99"
"183","E07000154","Northampton",2400,2456,-2.28013029315961," -5.0  -  4.99"
"184","E07000155","South Northamptonshire",1056,894,18.1208053691275," 16.0  - 27.99"
"185","E07000156","Wellingborough",870,812,7.14285714285714,"  5.0  - 15.99"
"186","E07000163","Craven",642,507,26.6272189349112," 16.0  - 27.99"
"187","E07000164","Hambleton",931,774,20.2842377260982," 16.0  - 27.99"
"188","E07000165","Harrogate",1749,1532,14.1644908616188,"  5.0  - 15.99"
"189","E07000166","Richmondshire",599,579,3.45423143350604," -5.0  -  4.99"
"190","E07000167","Ryedale",512,427,19.9063231850117," 16.0  - 27.99"
"191","E07000168","Scarborough",975,930,4.83870967741935," -5.0  -  4.99"
"192","E07000169","Selby",902,764,18.0628272251309," 16.0  - 27.99"
"193","E07000170","Ashfield",1288,1149,12.0974760661445,"  5.0  - 15.99"
"194","E07000171","Bassetlaw",1174,1044,12.4521072796935,"  5.0  - 15.99"
"195","E07000172","Broxtowe",1072,999,7.30730730730731,"  5.0  - 15.99"
"196","E07000173","Gedling",1219,1100,10.8181818181818,"  5.0  - 15.99"
"197","E07000174","Mansfield",1051,950,10.6315789473684,"  5.0  - 15.99"
"198","E07000175","Newark and Sherwood",1279,1092,17.1245421245421," 16.0  - 27.99"
"199","E07000176","Rushcliffe",1207,1082,11.5526802218115,"  5.0  - 15.99"
"200","E07000177","Cherwell",1599,1657,-3.50030175015088," -5.0  -  4.99"
"201","E07000178","Oxford",1429,1369,4.3827611395179," -5.0  -  4.99"
"202","E07000179","South Oxfordshire",1558,1557,0.0642260757867694," -5.0  -  4.99"
"203","E07000180","Vale of White Horse",1402,1262,11.0935023771791,"  5.0  - 15.99"
"204","E07000181","West Oxfordshire",1132,1057,7.09555345316935,"  5.0  - 15.99"
"205","E07000187","Mendip",1157,984,17.5813008130081," 16.0  - 27.99"
"206","E07000188","Sedgemoor",1238,1040,19.0384615384615," 16.0  - 27.99"
"207","E07000189","South Somerset",1718,1533,12.0678408349641,"  5.0  - 15.99"
"208","E07000190","Taunton Deane",1124,956,17.5732217573222," 16.0  - 27.99"
"209","E07000191","West Somerset",300,253,18.5770750988142," 16.0  - 27.99"
"210","E07000192","Cannock Chase",1066,1042,2.30326295585413," -5.0  -  4.99"
"211","E07000193","East Staffordshire",1319,1250,5.52,"  5.0  - 15.99"
"212","E07000194","Lichfield",1084,891,21.6610549943883," 16.0  - 27.99"
"213","E07000195","Newcastle-under-Lyme",1256,1191,5.4575986565911,"  5.0  - 15.99"
"214","E07000196","South Staffordshire",1091,934,16.8094218415418," 16.0  - 27.99"
"215","E07000197","Stafford",1359,1133,19.9470432480141," 16.0  - 27.99"
"216","E07000198","Staffordshire Moorlands",996,883,12.797281993205,"  5.0  - 15.99"
"217","E07000199","Tamworth",933,962,-3.01455301455301," -5.0  -  4.99"
"218","E07000200","Babergh",977,776,25.9020618556701," 16.0  - 27.99"
"219","E07000201","Forest Heath",602,718,-16.1559888579387," -28.0 - -16.01"
"220","E07000202","Ipswich",1395,1398,-0.214592274678112," -5.0  -  4.99"
"221","E07000203","Mid Suffolk",1091,874,24.8283752860412," 16.0  - 27.99"
"222","E07000204","St Edmundsbury",1169,1061,10.1790763430726,"  5.0  - 15.99"
"223","E07000205","Suffolk Coastal",1328,1034,28.4332688588008," 28.0  - 50.00"
"224","E07000206","Waveney",1151,1065,8.07511737089202,"  5.0  - 15.99"
"225","E07000207","Elmbridge",1709,1500,13.9333333333333,"  5.0  - 15.99"
"226","E07000208","Epsom and Ewell",888,705,25.9574468085106," 16.0  - 27.99"
"227","E07000209","Guildford",1415,1353,4.58240946045824," -5.0  -  4.99"
"228","E07000210","Mole Valley",977,822,18.8564476885645," 16.0  - 27.99"
"229","E07000211","Reigate and Banstead",1586,1552,2.19072164948454," -5.0  -  4.99"
"230","E07000212","Runnymede",797,815,-2.20858895705521," -5.0  -  4.99"
"231","E07000213","Spelthorne",985,973,1.23329907502569," -5.0  -  4.99"
"232","E07000214","Surrey Heath",1018,892,14.1255605381166,"  5.0  - 15.99"
"233","E07000215","Tandridge",985,920,7.06521739130435,"  5.0  - 15.99"
"234","E07000216","Waverley",1471,1260,16.7460317460317," 16.0  - 27.99"
"235","E07000217","Woking",1176,1119,5.09383378016086,"  5.0  - 15.99"
"236","E07000218","North Warwickshire",669,614,8.95765472312704,"  5.0  - 15.99"
"237","E07000219","Nuneaton and Bedworth",1422,1307,8.79877582249426,"  5.0  - 15.99"
"238","E07000220","Rugby",1179,1005,17.3134328358209," 16.0  - 27.99"
"239","E07000221","Stratford-on-Avon",1290,1083,19.1135734072022," 16.0  - 27.99"
"240","E07000222","Warwick",1321,1244,6.18971061093248,"  5.0  - 15.99"
"241","E07000223","Adur",538,549,-2.00364298724954," -5.0  -  4.99"
"242","E07000224","Arun",1428,1285,11.1284046692607,"  5.0  - 15.99"
"243","E07000225","Chichester",1141,972,17.3868312757202," 16.0  - 27.99"
"244","E07000226","Crawley",1263,1318,-4.17298937784522," -5.0  -  4.99"
"245","E07000227","Horsham",1558,1383,12.6536514822849,"  5.0  - 15.99"
"246","E07000228","Mid Sussex",1618,1354,19.4977843426883," 16.0  - 27.99"
"247","E07000229","Worthing",1057,1009,4.75718533201189," -5.0  -  4.99"
"248","E07000234","Bromsgrove",1033,819,26.1294261294261," 16.0  - 27.99"
"249","E07000235","Malvern Hills",778,590,31.864406779661," 28.0  - 50.00"
"250","E07000236","Redditch",951,947,0.422386483632524," -5.0  -  4.99"
"251","E07000237","Worcester",1043,1159,-10.0086281276963," -16.0 - -5.01"
"252","E07000238","Wychavon",1205,1091,10.4491292392301,"  5.0  - 15.99"
"253","E07000239","Wyre Forest",961,891,7.85634118967452,"  5.0  - 15.99"
"254","E07000240","St Albans",1789,1733,3.23139065204847," -5.0  -  4.99"
"255","E07000241","Welwyn Hatfield",1189,1091,8.98258478460128,"  5.0  - 15.99"
"256","E07000242","East Hertfordshire",1667,1565,6.51757188498403,"  5.0  - 15.99"
"257","E07000243","Stevenage",943,986,-4.36105476673428," -5.0  -  4.99"
"258","E08000001","Bolton",3292,3087,6.64075153871072,"  5.0  - 15.99"
"259","E08000002","Bury",2140,2034,5.21140609636185,"  5.0  - 15.99"
"260","E08000003","Manchester",5181,5181,0," -5.0  -  4.99"
"261","E08000004","Oldham",2970,2861,3.80985669346382," -5.0  -  4.99"
"262","E08000005","Rochdale",2629,2468,6.52350081037277,"  5.0  - 15.99"
"263","E08000006","Salford",2452,2395,2.37995824634656," -5.0  -  4.99"
"264","E08000007","Stockport",3126,3021,3.47567030784508," -5.0  -  4.99"
"265","E08000008","Tameside",2399,2332,2.87307032590051," -5.0  -  4.99"
"266","E08000009","Trafford",2636,2249,17.207647843486," 16.0  - 27.99"
"267","E08000010","Wigan",3538,3344,5.80143540669856,"  5.0  - 15.99"
"268","E08000011","Knowsley",1666,1770,-5.87570621468927," -16.0 - -5.01"
"269","E08000012","Liverpool",4474,4780,-6.40167364016736," -16.0 - -5.01"
"270","E08000013","St. Helens",1851,1867,-0.856989823245849," -5.0  -  4.99"
"271","E08000014","Sefton",2883,2690,7.17472118959108,"  5.0  - 15.99"
"272","E08000015","Wirral",3519,3260,7.94478527607362,"  5.0  - 15.99"
"273","E08000016","Barnsley",2401,2290,4.8471615720524," -5.0  -  4.99"
"274","E08000017","Doncaster",3229,3232,-0.0928217821782178," -5.0  -  4.99"
"275","E08000018","Rotherham",2897,2873,0.835363731291333," -5.0  -  4.99"
"276","E08000019","Sheffield",5787,5502,5.17993456924755,"  5.0  - 15.99"
"277","E08000021","Newcastle upon Tyne",2750,2858,-3.77886634009797," -5.0  -  4.99"
"278","E08000022","North Tyneside",2070,1982,4.43995963673057," -5.0  -  4.99"
"279","E08000023","South Tyneside",1446,1481,-2.36326806212019," -5.0  -  4.99"
"280","E08000024","Sunderland",2829,2811,0.64034151547492," -5.0  -  4.99"
"281","E08000025","Birmingham",14219,13478,5.49784834545185,"  5.0  - 15.99"
"282","E08000026","Coventry",3471,3559,-2.47260466423153," -5.0  -  4.99"
"283","E08000027","Dudley",3562,3340,6.64670658682635,"  5.0  - 15.99"
"284","E08000028","Sandwell",3763,3530,6.60056657223796,"  5.0  - 15.99"
"285","E08000029","Solihull",2383,1980,20.3535353535354," 16.0  - 27.99"
"286","E08000030","Walsall",3296,3127,5.40454109370003,"  5.0  - 15.99"
"287","E08000031","Wolverhampton",2753,2631,4.63702014443177," -5.0  -  4.99"
"288","E08000032","Bradford",7066,6463,9.33003249265047,"  5.0  - 15.99"
"289","E08000033","Calderdale",2345,2175,7.81609195402299,"  5.0  - 15.99"
"290","E08000034","Kirklees",5038,4712,6.91850594227504,"  5.0  - 15.99"
"291","E08000035","Leeds",7618,7850,-2.95541401273885," -5.0  -  4.99"
"292","E08000036","Wakefield",3491,3433,1.68948441596271," -5.0  -  4.99"
"293","E08000037","Gateshead",2063,2134,-3.32708528584817," -5.0  -  4.99"
"294","E09000001","City of London",29,49,-40.8163265306122," -45.0 - -28.01"
"295","E09000002","Barking and Dagenham",2626,2223,18.1286549707602," 16.0  - 27.99"
"296","E09000003","Barnet",4046,3956,2.27502527805865," -5.0  -  4.99"
"297","E09000004","Bexley",2880,2542,13.2966168371361,"  5.0  - 15.99"
"298","E09000005","Brent",3540,3345,5.82959641255605,"  5.0  - 15.99"
"299","E09000006","Bromley",3564,3705,-3.80566801619433," -5.0  -  4.99"
"300","E09000007","Camden",2072,2616,-20.7951070336391," -28.0 - -16.01"
"301","E09000008","Croydon",4411,4228,4.3282876064333," -5.0  -  4.99"
"302","E09000009","Ealing",3787,4096,-7.5439453125," -16.0 - -5.01"
"303","E09000010","Enfield",4012,3694,8.60855441256091,"  5.0  - 15.99"
"304","E09000011","Greenwich",2935,3157,-7.03199239784606," -16.0 - -5.01"
"305","E09000012","Hackney",2815,3466,-18.7824581650317," -28.0 - -16.01"
"306","E09000013","Hammersmith and Fulham",1603,2179,-26.4341441027995," -28.0 - -16.01"
"307","E09000014","Haringey",3011,3143,-4.19980909958638," -5.0  -  4.99"
"308","E09000015","Harrow",2739,2321,18.0094786729858," 16.0  - 27.99"
"309","E09000016","Havering",2678,2283,17.3017958826106," 16.0  - 27.99"
"310","E09000017","Hillingdon",3214,3070,4.69055374592834," -5.0  -  4.99"
"311","E09000018","Hounslow",2711,2901,-6.54946570148225," -16.0 - -5.01"
"312","E09000019","Islington",1845,2365,-21.9873150105708," -28.0 - -16.01"
"313","E09000020","Kensington and Chelsea",1420,2243,-36.6919304502898," -45.0 - -28.01"
"314","E09000021","Kingston upon Thames",1646,1781,-7.58001122964627," -16.0 - -5.01"
"315","E09000022","Lambeth",2984,3867,-22.8342384277217," -28.0 - -16.01"
"316","E09000023","Lewisham",3022,3668,-17.6117775354417," -28.0 - -16.01"
"317","E09000024","Merton",2139,2633,-18.7618685909609," -28.0 - -16.01"
"318","E09000025","Newham",3933,4299,-8.51360781577111," -16.0 - -5.01"
"319","E09000026","Redbridge",3602,2851,26.3416345142055," 16.0  - 27.99"
"320","E09000027","Richmond upon Thames",1982,2486,-20.2735317779566," -28.0 - -16.01"
"321","E09000028","Southwark",2753,3438,-19.9243746364165," -28.0 - -16.01"
"322","E09000029","Sutton",2247,2197,2.27583067819754," -5.0  -  4.99"
"323","E09000030","Tower Hamlets",2768,3071,-9.86649299902312," -16.0 - -5.01"
"324","E09000031","Waltham Forest",3059,3051,0.262209111766634," -5.0  -  4.99"
"325","E09000032","Wandsworth",2647,3779,-29.9550145541148," -45.0 - -28.01"
"326","E09000033","Westminster",1782,2434,-26.7871815940838," -28.0 - -16.01"
"327","W06000001","Isle of Anglesey",697,713,-2.24403927068724," -5.0  -  4.99"
"328","W06000002","Gwynedd",1253,1399,-10.4360257326662," -16.0 - -5.01"
"329","W06000003","Conwy",1156,1040,11.1538461538462,"  5.0  - 15.99"
"330","W06000004","Denbighshire",1032,922,11.9305856832972,"  5.0  - 15.99"
"331","W06000005","Flintshire",1710,1649,3.69921164342025," -5.0  -  4.99"
"332","W06000006","Wrexham",1508,1461,3.21697467488022," -5.0  -  4.99"
"333","W06000008","Ceredigion",711,683,4.099560761347," -5.0  -  4.99"
"334","W06000009","Pembrokeshire",1387,1255,10.5179282868526,"  5.0  - 15.99"
"335","W06000010","Carmarthenshire",2038,1844,10.5206073752711,"  5.0  - 15.99"
"336","W06000011","Swansea",2514,2359,6.57058075455702,"  5.0  - 15.99"
"337","W06000012","Neath Port Talbot",1530,1378,11.0304789550073,"  5.0  - 15.99"
"338","W06000013","Bridgend",1607,1487,8.06993947545393,"  5.0  - 15.99"
"339","W06000014","The Vale of Glamorgan",1431,1272,12.5,"  5.0  - 15.99"
"340","W06000015","Cardiff",3532,3608,-2.10643015521064," -5.0  -  4.99"
"341","W06000016","Rhondda Cynon Taf",2545,2571,-1.01127965772073," -5.0  -  4.99"
"342","W06000018","Caerphilly",2032,2015,0.843672456575682," -5.0  -  4.99"
"343","W06000019","Blaenau Gwent",730,729,0.137174211248285," -5.0  -  4.99"
"344","W06000020","Torfaen",999,916,9.06113537117904,"  5.0  - 15.99"
"345","W06000021","Monmouthshire",1019,803,26.8991282689913," 16.0  - 27.99"
"346","W06000022","Newport",1710,1657,3.1985515992758," -5.0  -  4.99"
"347","W06000023","Powys",1389,1219,13.9458572600492,"  5.0  - 15.99"
"348","W06000024","Merthyr Tydfil",614,612,0.326797385620915," -5.0  -  4.99"
