"","Year","age_mother","Inner","SUM_births","SUM_pop","Inner_factor","London_zone_ASFR","London_zone_ASFR_perK"
"1","1993","17",0,2686,115053,"Outer",0.0233457623877691,23.3457623877691
"2","1993","17",1,2392,64097,"Inner",0.0373184392405261,37.3184392405261
"3","1993","20",0,1450,28888,"Outer",0.0501938521185267,50.1938521185267
"4","1993","20",1,1284,17796,"Inner",0.0721510451786918,72.1510451786918
"5","1993","21",0,1738,29717,"Outer",0.0584850422317192,58.4850422317192
"6","1993","21",1,1433,22457,"Inner",0.063810838491339,63.810838491339
"7","1993","22",0,2171,32532,"Outer",0.0667342923890323,66.7342923890323
"8","1993","22",1,1743,27256,"Inner",0.0639492221896096,63.9492221896096
"9","1993","23",0,2530,34143,"Outer",0.0741001083677474,74.1001083677474
"10","1993","23",1,1939,29672,"Inner",0.0653478026422216,65.3478026422216
"11","1993","24",0,3130,36896,"Outer",0.0848330442324371,84.8330442324371
"12","1993","24",1,2125,32151,"Inner",0.0660943672047526,66.0943672047526
"13","1993","25",0,3629,38735,"Outer",0.0936878791790371,93.6878791790371
"14","1993","25",1,2282,33948,"Inner",0.0672204548132438,67.2204548132438
"15","1993","26",0,4114,40755,"Outer",0.100944669365722,100.944669365722
"16","1993","26",1,2577,34965,"Inner",0.0737022737022737,73.7022737022737
"17","1993","27",0,4485,41442,"Outer",0.108223541334878,108.223541334878
"18","1993","27",1,2796,35072,"Inner",0.0797217153284672,79.7217153284672
"19","1993","28",0,4786,41339,"Outer",0.115774450276978,115.774450276978
"20","1993","28",1,2964,35189,"Inner",0.0842308676006707,84.2308676006707
"21","1993","29",0,4764,40836,"Outer",0.116661769027329,116.661769027329
"22","1993","29",1,2898,33467,"Inner",0.0865927630202886,86.5927630202886
"23","1993","30",0,4587,39779,"Outer",0.115312099348903,115.312099348903
"24","1993","30",1,2950,31810,"Inner",0.0927381326626847,92.7381326626847
"25","1993","31",0,4138,37766,"Outer",0.109569454006249,109.569454006249
"26","1993","31",1,2755,28685,"Inner",0.0960432281680321,96.0432281680321
"27","1993","32",0,3639,36560,"Outer",0.099535010940919,99.535010940919
"28","1993","32",1,2401,26992,"Inner",0.0889522821576764,88.9522821576764
"29","1993","33",0,3091,34582,"Outer",0.089381759296744,89.381759296744
"30","1993","33",1,2175,25092,"Inner",0.0866810138689622,86.6810138689622
"31","1993","34",0,2685,33883,"Outer",0.0792432783401706,79.2432783401706
"32","1993","34",1,1799,22828,"Inner",0.0788067285789381,78.8067285789381
"33","1993","35",0,2151,32534,"Outer",0.0661154484539251,66.1154484539251
"34","1993","35",1,1494,21468,"Inner",0.0695919508105087,69.5919508105087
"35","1993","36",0,1762,31336,"Outer",0.0562292570845034,56.2292570845034
"36","1993","36",1,1287,20219,"Inner",0.063652999653791,63.652999653791
"37","1993","37",0,1265,30244,"Outer",0.0418264779791033,41.8264779791033
"38","1993","37",1,1028,18618,"Inner",0.0552153829627242,55.2153829627242
"39","1993","38",0,902,29011,"Outer",0.0310916548895247,31.0916548895247
"40","1993","38",1,742,17242,"Inner",0.0430344507597726,43.0344507597726
"41","1993","39",0,717,28884,"Outer",0.0248234316576651,24.8234316576651
"42","1993","39",1,603,16828,"Inner",0.0358331352507725,35.8331352507725
"43","1993","42",0,1217,141898,"Outer",0.00857658317946694,8.57658317946694
"44","1993","42",1,1061,77969,"Inner",0.0136079723992869,13.6079723992869
"45","1994","17",0,2548,116238,"Outer",0.0219205423355529,21.9205423355529
"46","1994","17",1,2347,70718,"Inner",0.0331881557736361,33.1881557736361
"47","1994","20",0,1350,25347,"Outer",0.0532607409160847,53.2607409160847
"48","1994","20",1,1255,20616,"Inner",0.0608750485060147,60.8750485060147
"49","1994","21",0,1667,28532,"Outer",0.0584256273657648,58.4256273657648
"50","1994","21",1,1377,21579,"Inner",0.0638120394828305,63.8120394828305
"51","1994","22",0,2033,31803,"Outer",0.0639247869697827,63.9247869697827
"52","1994","22",1,1540,25065,"Inner",0.0614402553361261,61.4402553361261
"53","1994","23",0,2404,35299,"Outer",0.0681039122921329,68.1039122921329
"54","1994","23",1,1798,28115,"Inner",0.0639516272452428,63.9516272452428
"55","1994","24",0,2865,36229,"Outer",0.0790802947914654,79.0802947914654
"56","1994","24",1,1916,29245,"Inner",0.0655154727303813,65.5154727303813
"57","1994","25",0,3350,38579,"Outer",0.0868348065009461,86.8348065009461
"58","1994","25",1,2232,31384,"Inner",0.0711190415498343,71.1190415498343
"59","1994","26",0,3737,39403,"Outer",0.0948404943786006,94.8404943786006
"60","1994","26",1,2543,33503,"Inner",0.0759036504193654,75.9036504193654
"61","1994","27",0,4309,41100,"Outer",0.104841849148418,104.841849148418
"62","1994","27",1,2647,34375,"Inner",0.0770036363636364,77.0036363636364
"63","1994","28",0,4741,41258,"Outer",0.114911047554414,114.911047554414
"64","1994","28",1,2922,33757,"Inner",0.0865598246289658,86.5598246289658
"65","1994","29",0,4776,41214,"Outer",0.115882952394817,115.882952394817
"66","1994","29",1,3070,32982,"Inner",0.0930810745254988,93.0810745254987
"67","1994","30",0,4720,40469,"Outer",0.11663248412365,116.63248412365
"68","1994","30",1,3150,31410,"Inner",0.100286532951289,100.286532951289
"69","1994","31",0,4446,39374,"Outer",0.112917153451516,112.917153451516
"70","1994","31",1,2858,30278,"Inner",0.0943919677653742,94.3919677653742
"71","1994","32",0,3873,37579,"Outer",0.103062880864313,103.062880864313
"72","1994","32",1,2476,27988,"Inner",0.0884664856367014,88.4664856367014
"73","1994","33",0,3355,36304,"Outer",0.0924140590568532,92.4140590568532
"74","1994","33",1,2311,26337,"Inner",0.0877472756957892,87.7472756957892
"75","1994","34",0,2897,34521,"Outer",0.0839199327945309,83.9199327945309
"76","1994","34",1,2024,24480,"Inner",0.0826797385620915,82.6797385620915
"77","1994","35",0,2412,33819,"Outer",0.0713208551406014,71.3208551406014
"78","1994","35",1,1614,22220,"Inner",0.0726372637263726,72.6372637263726
"79","1994","36",0,1890,32315,"Outer",0.0584867708494507,58.4867708494507
"80","1994","36",1,1334,21074,"Inner",0.0633007497390149,63.3007497390149
"81","1994","37",0,1368,31229,"Outer",0.0438054372538346,43.8054372538346
"82","1994","37",1,1030,19743,"Inner",0.0521703895051411,52.1703895051411
"83","1994","38",0,1011,30208,"Outer",0.0334679555084746,33.4679555084746
"84","1994","38",1,847,18297,"Inner",0.0462917418155982,46.2917418155982
"85","1994","39",0,769,28894,"Outer",0.0266145220460995,26.6145220460995
"86","1994","39",1,642,17072,"Inner",0.0376054358013121,37.6054358013121
"87","1994","42",0,1303,140961,"Outer",0.00924369151751194,9.24369151751194
"88","1994","42",1,1179,78655,"Inner",0.0149895111563156,14.9895111563156
"89","1995","17",0,2487,122693,"Outer",0.0202701050589683,20.2701050589683
"90","1995","17",1,2394,75793,"Inner",0.031586030372198,31.586030372198
"91","1995","20",0,1286,25445,"Outer",0.050540381214384,50.540381214384
"92","1995","20",1,1210,20631,"Inner",0.0586496049634046,58.6496049634046
"93","1995","21",0,1578,26680,"Outer",0.0591454272863568,59.1454272863568
"94","1995","21",1,1457,22104,"Inner",0.0659156713716974,65.9156713716974
"95","1995","22",0,1847,29939,"Outer",0.0616921072848125,61.6921072848125
"96","1995","22",1,1572,23397,"Inner",0.0671881010385947,67.1881010385947
"97","1995","23",0,2227,32939,"Outer",0.0676098242205289,67.6098242205289
"98","1995","23",1,1765,26366,"Inner",0.0669422741409391,66.9422741409391
"99","1995","24",0,2572,35552,"Outer",0.0723447344734473,72.3447344734473
"100","1995","24",1,1925,28714,"Inner",0.0670404680643588,67.0404680643588
"101","1995","25",0,3140,36931,"Outer",0.0850234220573502,85.0234220573502
"102","1995","25",1,2075,29908,"Inner",0.0693794302527752,69.3794302527752
"103","1995","26",0,3715,38815,"Outer",0.0957104212289064,95.7104212289064
"104","1995","26",1,2401,31840,"Inner",0.0754082914572864,75.4082914572864
"105","1995","27",0,4091,39635,"Outer",0.103216853790841,103.216853790841
"106","1995","27",1,2506,33533,"Inner",0.0747323532043062,74.7323532043062
"107","1995","28",0,4495,40798,"Outer",0.110176969459287,110.176969459287
"108","1995","28",1,2796,33456,"Inner",0.0835724533715925,83.5724533715925
"109","1995","29",0,4743,41009,"Outer",0.11565753858909,115.65753858909
"110","1995","29",1,2989,32234,"Inner",0.0927281752187132,92.7281752187132
"111","1995","30",0,4789,41237,"Outer",0.116133569367316,116.133569367316
"112","1995","30",1,3032,32035,"Inner",0.0946464804120493,94.6464804120493
"113","1995","31",0,4437,40326,"Outer",0.110028269602738,110.028269602738
"114","1995","31",1,2886,30644,"Inner",0.0941783057042162,94.1783057042162
"115","1995","32",0,4024,39156,"Outer",0.102768413525386,102.768413525386
"116","1995","32",1,2626,29533,"Inner",0.0889174821386246,88.9174821386246
"117","1995","33",0,3440,37361,"Outer",0.0920746232702551,92.0746232702551
"118","1995","33",1,2394,27257,"Inner",0.0878306490075944,87.8306490075944
"119","1995","34",0,2848,36238,"Outer",0.0785915337491031,78.5915337491031
"120","1995","34",1,2085,25673,"Inner",0.0812137264830756,81.2137264830756
"121","1995","35",0,2461,34390,"Outer",0.0715615004361733,71.5615004361733
"122","1995","35",1,1829,23722,"Inner",0.0771014248377034,77.1014248377034
"123","1995","36",0,1864,33526,"Outer",0.0555986398615999,55.5986398615999
"124","1995","36",1,1443,21733,"Inner",0.0663967238761331,66.3967238761331
"125","1995","37",0,1514,32080,"Outer",0.0471945137157107,47.1945137157107
"126","1995","37",1,1144,20552,"Inner",0.0556636823666796,55.6636823666796
"127","1995","38",0,1121,31110,"Outer",0.0360334297653488,36.0334297653488
"128","1995","38",1,822,19303,"Inner",0.042584054292079,42.584054292079
"129","1995","39",0,783,30036,"Outer",0.0260687175389533,26.0687175389533
"130","1995","39",1,680,18063,"Inner",0.0376460167192604,37.6460167192604
"131","1995","42",0,1410,141047,"Outer",0.00999666777740753,9.99666777740753
"132","1995","42",1,1226,79541,"Inner",0.015413434580908,15.413434580908
"133","1996","17",0,2733,127428,"Outer",0.0214474055937471,21.4474055937471
"134","1996","17",1,2463,79317,"Inner",0.031052611672151,31.052611672151
"135","1996","20",0,1310,27415,"Outer",0.0477840598212657,47.7840598212657
"136","1996","20",1,1317,22259,"Inner",0.0591670784851071,59.1670784851071
"137","1996","21",0,1567,26587,"Outer",0.0589385790047768,58.9385790047768
"138","1996","21",1,1373,21630,"Inner",0.0634766527970411,63.4766527970411
"139","1996","22",0,1795,28214,"Outer",0.0636208974268094,63.6208974268094
"140","1996","22",1,1565,23287,"Inner",0.0672048782582557,67.2048782582557
"141","1996","23",0,2141,31454,"Outer",0.0680676543523876,68.0676543523876
"142","1996","23",1,1686,24638,"Inner",0.0684308791297995,68.4308791297995
"143","1996","24",0,2468,33766,"Outer",0.0730912752472902,73.0912752472902
"144","1996","24",1,1859,27348,"Inner",0.0679757203451806,67.9757203451806
"145","1996","25",0,3070,36520,"Outer",0.0840635268346112,84.0635268346112
"146","1996","25",1,2088,29536,"Inner",0.0706933911159263,70.6933911159263
"147","1996","26",0,3377,37277,"Outer",0.0905920540816053,90.5920540816053
"148","1996","26",1,2318,30316,"Inner",0.0764612745744821,76.4612745744821
"149","1996","27",0,3926,39067,"Outer",0.10049402308854,100.49402308854
"150","1996","27",1,2538,32009,"Inner",0.0792901996313537,79.2901996313537
"151","1996","28",0,4239,39536,"Outer",0.107218737353298,107.218737353298
"152","1996","28",1,2700,33012,"Inner",0.0817884405670665,81.7884405670665
"153","1996","29",0,4636,40684,"Outer",0.113951430537804,113.951430537804
"154","1996","29",1,2846,32275,"Inner",0.0881797056545314,88.1797056545314
"155","1996","30",0,4730,41241,"Outer",0.114691690308188,114.691690308188
"156","1996","30",1,3075,31862,"Inner",0.0965099491557341,96.5099491557341
"157","1996","31",0,4670,41257,"Outer",0.113192912717842,113.192912717842
"158","1996","31",1,3026,31483,"Inner",0.0961153638471556,96.1153638471556
"159","1996","32",0,4254,40362,"Outer",0.10539616470938,105.39616470938
"160","1996","32",1,2807,30152,"Inner",0.0930949854072698,93.0949854072698
"161","1996","33",0,3660,39006,"Outer",0.0938317181972004,93.8317181972004
"162","1996","33",1,2496,28996,"Inner",0.0860808387363774,86.0808387363774
"163","1996","34",0,3108,37399,"Outer",0.0831038263055162,83.1038263055162
"164","1996","34",1,2188,26723,"Inner",0.0818770347640609,81.8770347640609
"165","1996","35",0,2563,36161,"Outer",0.0708774646718841,70.8774646718841
"166","1996","35",1,1884,25037,"Inner",0.0752486320246036,75.2486320246036
"167","1996","36",0,2142,34206,"Outer",0.0626205928784424,62.6205928784424
"168","1996","36",1,1618,23304,"Inner",0.0694301407483694,69.4301407483694
"169","1996","37",0,1549,33420,"Outer",0.0463494913225613,46.3494913225613
"170","1996","37",1,1122,21303,"Inner",0.052668638219969,52.668638219969
"171","1996","38",0,1179,32060,"Outer",0.0367747972551466,36.7747972551466
"172","1996","38",1,969,20247,"Inner",0.0478589420654912,47.8589420654912
"173","1996","39",0,845,31037,"Outer",0.0272255694815865,27.2255694815865
"174","1996","39",1,716,19100,"Inner",0.0374869109947644,37.4869109947644
"175","1996","42",0,1439,143074,"Outer",0.0100577323622741,10.0577323622741
"176","1996","42",1,1330,81737,"Inner",0.016271700698582,16.271700698582
"177","1997","17",0,2837,131449,"Outer",0.021582514891707,21.582514891707
"178","1997","17",1,2606,82007,"Inner",0.031777775067982,31.777775067982
"179","1997","20",0,1293,27730,"Outer",0.0466282005048684,46.6282005048684
"180","1997","20",1,1286,22675,"Inner",0.0567144432194046,56.7144432194046
"181","1997","21",0,1496,28067,"Outer",0.0533010296789824,53.3010296789824
"182","1997","21",1,1400,22652,"Inner",0.0618046971569839,61.8046971569839
"183","1997","22",0,1715,27689,"Outer",0.0619379537000253,61.9379537000253
"184","1997","22",1,1553,22177,"Inner",0.0700275059746584,70.0275059746584
"185","1997","23",0,2081,29495,"Outer",0.0705543312425835,70.5543312425835
"186","1997","23",1,1747,23801,"Inner",0.0734002772992731,73.4002772992731
"187","1997","24",0,2401,32326,"Outer",0.0742745777392811,74.2745777392811
"188","1997","24",1,1874,25446,"Inner",0.0736461526369567,73.6461526369567
"189","1997","25",0,2875,34840,"Outer",0.0825200918484501,82.5200918484501
"190","1997","25",1,1918,28245,"Inner",0.067905824039653,67.905824039653
"191","1997","26",0,3397,36796,"Outer",0.0923198173714534,92.3198173714534
"192","1997","26",1,2221,29921,"Inner",0.074228802513285,74.228802513285
"193","1997","27",0,3723,37339,"Outer",0.0997080800235678,99.7080800235678
"194","1997","27",1,2400,30202,"Inner",0.0794649360969472,79.4649360969472
"195","1997","28",0,4281,38780,"Outer",0.110391954615781,110.391954615781
"196","1997","28",1,2665,31357,"Inner",0.0849889976719712,84.9889976719712
"197","1997","29",0,4374,39335,"Outer",0.111198678022118,111.198678022118
"198","1997","29",1,2829,31872,"Inner",0.0887612951807229,88.7612951807229
"199","1997","30",0,4537,40846,"Outer",0.111075747931254,111.075747931254
"200","1997","30",1,2845,31972,"Inner",0.0889841110972101,88.9841110972101
"201","1997","31",0,4470,41204,"Outer",0.108484613144355,108.484613144355
"202","1997","31",1,2874,31427,"Inner",0.0914500270468069,91.4500270468069
"203","1997","32",0,4307,41251,"Outer",0.104409590070544,104.409590070544
"204","1997","32",1,2877,30918,"Inner",0.0930525907238502,93.0525907238502
"205","1997","33",0,3880,40263,"Outer",0.096366390979311,96.366390979311
"206","1997","33",1,2636,29593,"Inner",0.0890751191160072,89.0751191160072
"207","1997","34",0,3191,38955,"Outer",0.0819150301630086,81.9150301630086
"208","1997","34",1,2291,28435,"Inner",0.0805697204149815,80.5697204149815
"209","1997","35",0,2704,37319,"Outer",0.0724563895066856,72.4563895066856
"210","1997","35",1,1968,25969,"Inner",0.0757826639454734,75.7826639454734
"211","1997","36",0,2178,35901,"Outer",0.0606668337929306,60.6668337929306
"212","1997","36",1,1677,24527,"Inner",0.0683736290618502,68.3736290618502
"213","1997","37",0,1749,34042,"Outer",0.0513777098877857,51.3777098877857
"214","1997","37",1,1370,22790,"Inner",0.0601140851250548,60.1140851250548
"215","1997","38",0,1295,33364,"Outer",0.0388142908524158,38.8142908524158
"216","1997","38",1,1029,20911,"Inner",0.0492085505236478,49.2085505236478
"217","1997","39",0,932,31899,"Outer",0.0292172168406533,29.2172168406533
"218","1997","39",1,805,20018,"Inner",0.0402138075731841,40.2138075731841
"219","1997","42",0,1572,146006,"Outer",0.0107666808213361,10.7666808213361
"220","1997","42",1,1419,84448,"Inner",0.0168032398635847,16.8032398635847
"221","1998","17",0,2981,130266,"Outer",0.0228839451583683,22.8839451583683
"222","1998","17",1,2531,81660,"Inner",0.0309943668870928,30.9943668870928
"223","1998","20",0,1255,27418,"Outer",0.0457728499525859,45.7728499525859
"224","1998","20",1,1188,22179,"Inner",0.0535641823346409,53.5641823346409
"225","1998","21",0,1441,28464,"Outer",0.0506253513209668,50.6253513209668
"226","1998","21",1,1346,23378,"Inner",0.0575754983317649,57.5754983317649
"227","1998","22",0,1714,30386,"Outer",0.0564075561113671,56.4075561113671
"228","1998","22",1,1618,24273,"Inner",0.066658427058872,66.658427058872
"229","1998","23",0,2005,30410,"Outer",0.0659322591252877,65.9322591252877
"230","1998","23",1,1610,23989,"Inner",0.0671140939597315,67.1140939597315
"231","1998","24",0,2369,30939,"Outer",0.0765700248876822,76.5700248876822
"232","1998","24",1,1703,25059,"Inner",0.0679596153078734,67.9596153078734
"233","1998","25",0,2675,33806,"Outer",0.0791279654499201,79.1279654499201
"234","1998","25",1,1917,26951,"Inner",0.0711290861192535,71.1290861192535
"235","1998","26",0,3279,35531,"Outer",0.0922856097492331,92.2856097492331
"236","1998","26",1,2096,29344,"Inner",0.0714285714285714,71.4285714285714
"237","1998","27",0,3656,36916,"Outer",0.0990356484992957,99.0356484992957
"238","1998","27",1,2214,30346,"Inner",0.072958544783497,72.958544783497
"239","1998","28",0,3933,37222,"Outer",0.10566331739294,105.66331739294
"240","1998","28",1,2525,29924,"Inner",0.0843804304237401,84.3804304237402
"241","1998","29",0,4384,38865,"Outer",0.112800720442558,112.800720442558
"242","1998","29",1,2649,30743,"Inner",0.0861659564778974,86.1659564778974
"243","1998","30",0,4543,39407,"Outer",0.115284086583602,115.284086583602
"244","1998","30",1,2958,31898,"Inner",0.0927330867139006,92.7330867139006
"245","1998","31",0,4587,40721,"Outer",0.112644581419906,112.644581419906
"246","1998","31",1,2908,31688,"Inner",0.0917697551123454,91.7697551123454
"247","1998","32",0,4281,41101,"Outer",0.104158049682489,104.158049682489
"248","1998","32",1,2880,31036,"Inner",0.0927954633329037,92.7954633329037
"249","1998","33",0,3866,41037,"Outer",0.0942076662524064,94.2076662524064
"250","1998","33",1,2700,30346,"Inner",0.0889738351018256,88.9738351018256
"251","1998","34",0,3500,40175,"Outer",0.0871188550093342,87.1188550093342
"252","1998","34",1,2440,29057,"Inner",0.0839728808892866,83.9728808892866
"253","1998","35",0,2936,38823,"Outer",0.0756252736779744,75.6252736779744
"254","1998","35",1,2096,27820,"Inner",0.0753414809489576,75.3414809489576
"255","1998","36",0,2362,37065,"Outer",0.0637258869553487,63.7258869553487
"256","1998","36",1,1675,25531,"Inner",0.0656065175668795,65.6065175668795
"257","1998","37",0,1770,35684,"Outer",0.0496020625490416,49.6020625490416
"258","1998","37",1,1387,24006,"Inner",0.0577772223610764,57.7772223610764
"259","1998","38",0,1312,33980,"Outer",0.0386109476162448,38.6109476162448
"260","1998","38",1,1057,22436,"Inner",0.0471117846318417,47.1117846318417
"261","1998","39",0,1050,33207,"Outer",0.0316198391905321,31.6198391905321
"262","1998","39",1,796,20706,"Inner",0.0384429633922535,38.4429633922535
"263","1998","42",0,1681,149379,"Outer",0.0112532551429585,11.2532551429585
"264","1998","42",1,1420,87766,"Inner",0.0161793860948431,16.1793860948431
"265","1999","17",0,2972,126820,"Outer",0.023434789465384,23.434789465384
"266","1999","17",1,2684,77048,"Inner",0.0348354272661198,34.8354272661198
"267","1999","20",0,1435,25838,"Outer",0.0555383543617927,55.5383543617927
"268","1999","20",1,1242,20696,"Inner",0.0600115964437572,60.0115964437572
"269","1999","21",0,1531,27899,"Outer",0.0548765188716441,54.8765188716441
"270","1999","21",1,1287,22771,"Inner",0.0565192569496289,56.5192569496289
"271","1999","22",0,1656,30052,"Outer",0.0551044855583655,55.1044855583655
"272","1999","22",1,1532,25751,"Inner",0.0594928352296998,59.4928352296998
"273","1999","23",0,1934,32220,"Outer",0.0600248292985723,60.0248292985723
"274","1999","23",1,1641,28742,"Inner",0.0570941479368172,57.0941479368172
"275","1999","24",0,2188,32960,"Outer",0.0663834951456311,66.3834951456311
"276","1999","24",1,1834,30105,"Inner",0.0609201129380502,60.9201129380502
"277","1999","25",0,2633,33948,"Outer",0.0775597973371038,77.5597973371038
"278","1999","25",1,1886,31063,"Inner",0.0607153204777388,60.7153204777388
"279","1999","26",0,3022,35962,"Outer",0.0840331460986597,84.0331460986597
"280","1999","26",1,2067,31942,"Inner",0.0647110387577484,64.7110387577484
"281","1999","27",0,3419,37507,"Outer",0.0911563174874024,91.1563174874024
"282","1999","27",1,2244,32612,"Inner",0.068809027351895,68.809027351895
"283","1999","28",0,3785,38373,"Outer",0.0986370625179162,98.6370625179162
"284","1999","28",1,2472,32687,"Inner",0.0756263958148499,75.6263958148499
"285","1999","29",0,4118,38531,"Outer",0.106874983779295,106.874983779295
"286","1999","29",1,2708,31319,"Inner",0.0864650850921166,86.4650850921166
"287","1999","30",0,4428,39714,"Outer",0.111497205015863,111.497205015863
"288","1999","30",1,2861,31921,"Inner",0.0896275179349018,89.6275179349018
"289","1999","31",0,4392,39680,"Outer",0.110685483870968,110.685483870968
"290","1999","31",1,2976,31639,"Inner",0.0940611270899839,94.0611270899839
"291","1999","32",0,4192,40886,"Outer",0.102528983025975,102.528983025975
"292","1999","32",1,2834,31045,"Inner",0.0912868416814302,91.2868416814302
"293","1999","33",0,3912,41168,"Outer",0.0950252623396813,95.0252623396813
"294","1999","33",1,2785,29943,"Inner",0.0930100524329559,93.0100524329559
"295","1999","34",0,3566,40866,"Outer",0.0872608036020164,87.2608036020164
"296","1999","34",1,2669,29133,"Inner",0.0916143205299832,91.6143205299832
"297","1999","35",0,2994,39861,"Outer",0.0751110107623993,75.1110107623993
"298","1999","35",1,2244,27822,"Inner",0.0806555962907052,80.6555962907052
"299","1999","36",0,2411,38515,"Outer",0.0625989874075036,62.5989874075036
"300","1999","36",1,1888,26566,"Inner",0.0710682827674471,71.0682827674471
"301","1999","37",0,1826,36940,"Outer",0.0494315105576611,49.4315105576611
"302","1999","37",1,1445,24182,"Inner",0.0597551898106029,59.7551898106029
"303","1999","38",0,1439,35624,"Outer",0.0403941163260723,40.3941163260723
"304","1999","38",1,1073,23122,"Inner",0.0464060202404636,46.4060202404636
"305","1999","39",0,1060,33900,"Outer",0.0312684365781711,31.2684365781711
"306","1999","39",1,875,21636,"Inner",0.0404418561656498,40.4418561656498
"307","1999","42",0,1771,153858,"Outer",0.0115106136827464,11.5106136827464
"308","1999","42",1,1609,90072,"Inner",0.0178634869881872,17.8634869881872
"309","2000","17",0,2938,126311,"Outer",0.0232600486101765,23.2600486101765
"310","2000","17",1,2532,75978,"Inner",0.0333254363105109,33.3254363105109
"311","2000","20",0,1446,25535,"Outer",0.0566281574309771,56.6281574309771
"312","2000","20",1,1287,20405,"Inner",0.0630727762803235,63.0727762803235
"313","2000","21",0,1538,27022,"Outer",0.0569165864850862,56.9165864850862
"314","2000","21",1,1425,22129,"Inner",0.0643951376022414,64.3951376022414
"315","2000","22",0,1543,29292,"Outer",0.0526764987027175,52.6764987027175
"316","2000","22",1,1509,25003,"Inner",0.0603527576690797,60.3527576690797
"317","2000","23",0,1820,31662,"Outer",0.0574821552649864,57.4821552649864
"318","2000","23",1,1642,29016,"Inner",0.0565894678797905,56.5894678797905
"319","2000","24",0,2158,33659,"Outer",0.0641136100300068,64.1136100300068
"320","2000","24",1,1787,31919,"Inner",0.0559854632037345,55.9854632037345
"321","2000","25",0,2445,34688,"Outer",0.0704854704797048,70.4854704797048
"322","2000","25",1,1940,33474,"Inner",0.0579554280934457,57.9554280934457
"323","2000","26",0,2829,35655,"Outer",0.0793437105595288,79.3437105595288
"324","2000","26",1,1978,33797,"Inner",0.0585259046660946,58.5259046660946
"325","2000","27",0,3198,37274,"Outer",0.0857970703439395,85.7970703439395
"326","2000","27",1,2200,34411,"Inner",0.0639330446659498,63.9330446659498
"327","2000","28",0,3727,38699,"Outer",0.0963073981239825,96.3073981239825
"328","2000","28",1,2393,34471,"Inner",0.0694206724493052,69.4206724493052
"329","2000","29",0,3985,38990,"Outer",0.102205693767633,102.205693767633
"330","2000","29",1,2636,33594,"Inner",0.0784663928082396,78.4663928082396
"331","2000","30",0,4307,38804,"Outer",0.110993711988455,110.993711988455
"332","2000","30",1,2744,31945,"Inner",0.0858976365628424,85.8976365628424
"333","2000","31",0,4295,39958,"Outer",0.107487862255368,107.487862255368
"334","2000","31",1,2824,31882,"Inner",0.0885766263095163,88.5766263095163
"335","2000","32",0,3964,39885,"Outer",0.0993857339852075,99.3857339852075
"336","2000","32",1,2816,31362,"Inner",0.0897901919520439,89.7901919520439
"337","2000","33",0,3844,40828,"Outer",0.0941510727931811,94.1510727931811
"338","2000","33",1,2708,30566,"Inner",0.0885951711051495,88.5951711051495
"339","2000","34",0,3460,41146,"Outer",0.0840907986195499,84.0907986195499
"340","2000","34",1,2686,29446,"Inner",0.0912178224546628,91.2178224546628
"341","2000","35",0,3043,40772,"Outer",0.0746345531246934,74.6345531246934
"342","2000","35",1,2351,28338,"Inner",0.0829628061260498,82.9628061260498
"343","2000","36",0,2582,39644,"Outer",0.065129653919887,65.129653919887
"344","2000","36",1,1994,27203,"Inner",0.0733007388890931,73.3007388890931
"345","2000","37",0,2002,38339,"Outer",0.0522183677195545,52.2183677195545
"346","2000","37",1,1645,25708,"Inner",0.0639878637000156,63.9878637000156
"347","2000","38",0,1521,36864,"Outer",0.041259765625,41.259765625
"348","2000","38",1,1207,23661,"Inner",0.0510122141921305,51.0122141921305
"349","2000","39",0,1123,35438,"Outer",0.0316891472430724,31.6891472430724
"350","2000","39",1,931,22732,"Inner",0.0409554812598979,40.9554812598979
"351","2000","42",0,1927,158828,"Outer",0.0121326214521369,12.1326214521369
"352","2000","42",1,1751,94133,"Inner",0.0186013406563054,18.6013406563054
"353","2001","17",0,2812,128028,"Outer",0.0219639453869466,21.9639453869466
"354","2001","17",1,2497,77169,"Inner",0.0323575529033679,32.3575529033679
"355","2001","20",0,1346,25985,"Outer",0.0517991148739657,51.7991148739657
"356","2001","20",1,1370,20889,"Inner",0.0655847575278855,65.5847575278855
"357","2001","21",0,1622,27604,"Outer",0.0587596000579626,58.7596000579626
"358","2001","21",1,1468,22686,"Inner",0.064709512474654,64.709512474654
"359","2001","22",0,1729,29646,"Outer",0.0583215273561357,58.3215273561357
"360","2001","22",1,1467,25407,"Inner",0.0577399929153383,57.7399929153383
"361","2001","23",0,1925,31527,"Outer",0.0610587750182383,61.0587750182383
"362","2001","23",1,1578,29022,"Inner",0.0543725449658879,54.3725449658879
"363","2001","24",0,2033,33139,"Outer",0.0613476568393736,61.3476568393735
"364","2001","24",1,1782,32500,"Inner",0.0548307692307692,54.8307692307692
"365","2001","25",0,2395,34487,"Outer",0.0694464580856555,69.4464580856555
"366","2001","25",1,1857,34512,"Inner",0.053807371349096,53.807371349096
"367","2001","26",0,2729,35926,"Outer",0.0759616990480432,75.9616990480432
"368","2001","26",1,2023,35733,"Inner",0.0566143340889374,56.6143340889374
"369","2001","27",0,3175,36998,"Outer",0.0858154494837559,85.8154494837559
"370","2001","27",1,2049,35633,"Inner",0.057502876547021,57.502876547021
"371","2001","28",0,3480,38593,"Outer",0.090171792812168,90.171792812168
"372","2001","28",1,2280,35945,"Inner",0.0634302406454305,63.4302406454305
"373","2001","29",0,3747,39536,"Outer",0.0947743828409551,94.7743828409551
"374","2001","29",1,2448,35387,"Inner",0.0691779467035917,69.1779467035917
"375","2001","30",0,4067,39226,"Outer",0.103681231836027,103.681231836027
"376","2001","30",1,2734,34062,"Inner",0.080265398391169,80.265398391169
"377","2001","31",0,4117,39000,"Outer",0.105564102564103,105.564102564103
"378","2001","31",1,2853,31898,"Inner",0.0894413442849081,89.4413442849081
"379","2001","32",0,4125,40074,"Outer",0.102934571043569,102.934571043569
"380","2001","32",1,2811,31541,"Inner",0.0891220950508862,89.1220950508862
"381","2001","33",0,3730,39936,"Outer",0.0933994391025641,93.3994391025641
"382","2001","33",1,2821,30997,"Inner",0.0910088073039326,91.0088073039326
"383","2001","34",0,3373,40749,"Outer",0.0827750374242313,82.7750374242313
"384","2001","34",1,2597,30047,"Inner",0.0864312576962758,86.4312576962758
"385","2001","35",0,3155,40996,"Outer",0.0769587276807493,76.9587276807493
"386","2001","35",1,2438,28669,"Inner",0.0850395898008302,85.0395898008302
"387","2001","36",0,2711,40395,"Outer",0.0671122663696002,67.1122663696002
"388","2001","36",1,2067,27536,"Inner",0.0750653689715282,75.0653689715282
"389","2001","37",0,2105,39277,"Outer",0.0535937062402933,53.5937062402933
"390","2001","37",1,1647,26312,"Inner",0.0625950136819702,62.5950136819702
"391","2001","38",0,1520,38146,"Outer",0.0398469040004194,39.8469040004194
"392","2001","38",1,1368,25060,"Inner",0.0545889864325619,54.5889864325619
"393","2001","39",0,1127,36572,"Outer",0.0308159247511758,30.8159247511758
"394","2001","39",1,1009,23134,"Inner",0.0436154577677877,43.6154577677877
"395","2001","42",0,2046,163060,"Outer",0.0125475285171103,12.5475285171103
"396","2001","42",1,1931,97396,"Inner",0.0198262762331102,19.8262762331102
"397","2002","17",0,2766,129466,"Outer",0.021364682619375,21.364682619375
"398","2002","17",1,2465,78856,"Inner",0.0312595110074059,31.2595110074059
"399","2002","20",0,1386,24261,"Outer",0.0571287251143811,57.1287251143811
"400","2002","20",1,1378,19917,"Inner",0.0691871265752874,69.1871265752875
"401","2002","21",0,1674,27997,"Outer",0.0597921205843483,59.7921205843483
"402","2002","21",1,1476,23049,"Inner",0.0640374853572823,64.0374853572823
"403","2002","22",0,1851,30405,"Outer",0.0608781450419339,60.8781450419339
"404","2002","22",1,1623,25668,"Inner",0.0632304815334268,63.2304815334268
"405","2002","23",0,1947,32615,"Outer",0.0596964586846543,59.6964586846543
"406","2002","23",1,1702,29671,"Inner",0.0573624077381955,57.3624077381955
"407","2002","24",0,2191,33672,"Outer",0.0650688999762414,65.0688999762414
"408","2002","24",1,1731,32650,"Inner",0.0530168453292496,53.0168453292496
"409","2002","25",0,2376,34133,"Outer",0.0696100547856913,69.6100547856913
"410","2002","25",1,1809,34786,"Inner",0.052003679641235,52.003679641235
"411","2002","26",0,2674,35332,"Outer",0.0756821012113665,75.6821012113665
"412","2002","26",1,1917,35618,"Inner",0.0538211016901567,53.8211016901567
"413","2002","27",0,3102,36542,"Outer",0.0848886213124624,84.8886213124624
"414","2002","27",1,2150,36243,"Inner",0.059321800071738,59.321800071738
"415","2002","28",0,3431,37254,"Outer",0.0920974928866699,92.0974928866699
"416","2002","28",1,2171,35597,"Inner",0.0609882855296795,60.9882855296795
"417","2002","29",0,3702,38624,"Outer",0.0958471416735708,95.8471416735708
"418","2002","29",1,2466,35399,"Inner",0.0696629848300799,69.6629848300799
"419","2002","30",0,4015,39375,"Outer",0.101968253968254,101.968253968254
"420","2002","30",1,2784,34665,"Inner",0.0803115534400692,80.3115534400692
"421","2002","31",0,4165,39103,"Outer",0.10651356673401,106.51356673401
"422","2002","31",1,2919,33168,"Inner",0.088006512301013,88.006512301013
"423","2002","32",0,4024,38865,"Outer",0.103537887559501,103.537887559501
"424","2002","32",1,2957,31030,"Inner",0.0952948759265227,95.2948759265227
"425","2002","33",0,3863,39706,"Outer",0.0972900821034604,97.2900821034604
"426","2002","33",1,2814,30601,"Inner",0.0919577791575439,91.9577791575439
"427","2002","34",0,3410,39634,"Outer",0.0860372407528889,86.0372407528889
"428","2002","34",1,2575,30003,"Inner",0.0858247508582475,85.8247508582475
"429","2002","35",0,3144,40226,"Outer",0.078158405011684,78.158405011684
"430","2002","35",1,2352,28960,"Inner",0.0812154696132597,81.2154696132597
"431","2002","36",0,2723,40511,"Outer",0.0672163116190664,67.2163116190664
"432","2002","36",1,2161,27812,"Inner",0.0777002732633396,77.7002732633396
"433","2002","37",0,2203,39889,"Outer",0.0552282584171075,55.2282584171075
"434","2002","37",1,1774,26761,"Inner",0.0662904973655693,66.2904973655693
"435","2002","38",0,1762,38971,"Outer",0.0452131071822637,45.2131071822637
"436","2002","38",1,1417,25502,"Inner",0.0555642694690612,55.5642694690612
"437","2002","39",0,1239,37869,"Outer",0.0327180543452428,32.7180543452428
"438","2002","39",1,1128,24402,"Inner",0.046225719203344,46.225719203344
"439","2002","42",0,2202,168095,"Outer",0.0130997352687468,13.0997352687468
"440","2002","42",1,1985,101133,"Inner",0.0196276190758704,19.6276190758704
"441","2003","17",0,2773,133745,"Outer",0.0207334853639388,20.7334853639388
"442","2003","17",1,2499,82075,"Inner",0.0304477611940299,30.4477611940299
"443","2003","20",0,1406,23641,"Outer",0.0594729495368216,59.4729495368216
"444","2003","20",1,1260,20390,"Inner",0.0617949975478176,61.7949975478176
"445","2003","21",0,1635,26100,"Outer",0.0626436781609195,62.6436781609195
"446","2003","21",1,1543,21543,"Inner",0.0716241934735181,71.6241934735181
"447","2003","22",0,1856,30263,"Outer",0.0613290156296468,61.3290156296468
"448","2003","22",1,1688,25128,"Inner",0.06717605858007,67.17605858007
"449","2003","23",0,2128,32919,"Outer",0.0646435189404295,64.6435189404295
"450","2003","23",1,1728,28950,"Inner",0.0596891191709845,59.6891191709845
"451","2003","24",0,2378,34394,"Outer",0.0691399662731872,69.1399662731872
"452","2003","24",1,1763,33013,"Inner",0.0534032047981098,53.4032047981098
"453","2003","25",0,2601,34752,"Outer",0.0748446132596685,74.8446132596685
"454","2003","25",1,1841,34393,"Inner",0.0535283342540633,53.5283342540633
"455","2003","26",0,2743,34886,"Outer",0.0786275296680617,78.6275296680617
"456","2003","26",1,2162,35911,"Inner",0.0602043941967642,60.2043941967642
"457","2003","27",0,3177,35644,"Outer",0.0891314106160925,89.1314106160925
"458","2003","27",1,2167,35775,"Inner",0.0605730258560447,60.5730258560447
"459","2003","28",0,3613,36878,"Outer",0.097971690438744,97.971690438744
"460","2003","28",1,2393,35847,"Inner",0.0667559349457416,66.7559349457416
"461","2003","29",0,3836,37196,"Outer",0.103129368749328,103.129368749328
"462","2003","29",1,2660,34932,"Inner",0.0761479445780373,76.1479445780373
"463","2003","30",0,4039,38139,"Outer",0.105902094968405,105.902094968405
"464","2003","30",1,2831,34229,"Inner",0.0827076455637033,82.7076455637033
"465","2003","31",0,4258,39002,"Outer",0.109173888518538,109.173888518538
"466","2003","31",1,2930,33188,"Inner",0.0882849222610582,88.2849222610582
"467","2003","32",0,4224,38768,"Outer",0.108955839867932,108.955839867932
"468","2003","32",1,3068,31727,"Inner",0.096699971632994,96.699971632994
"469","2003","33",0,3925,38504,"Outer",0.101937461043009,101.937461043009
"470","2003","33",1,2867,29829,"Inner",0.0961145194274029,96.1145194274029
"471","2003","34",0,3726,39283,"Outer",0.0948501896494667,94.8501896494667
"472","2003","34",1,2753,29265,"Inner",0.0940714163676747,94.0714163676747
"473","2003","35",0,3299,38987,"Outer",0.0846179495729346,84.6179495729346
"474","2003","35",1,2628,28408,"Inner",0.0925091523514503,92.5091523514503
"475","2003","36",0,2884,39615,"Outer",0.0728007068029787,72.8007068029787
"476","2003","36",1,2156,27443,"Inner",0.0785628393397223,78.5628393397223
"477","2003","37",0,2284,39875,"Outer",0.0572789968652038,57.2789968652038
"478","2003","37",1,1930,26501,"Inner",0.0728274404739444,72.8274404739444
"479","2003","38",0,1806,39309,"Outer",0.0459436770205296,45.9436770205296
"480","2003","38",1,1542,25678,"Inner",0.0600514058727315,60.0514058727315
"481","2003","39",0,1447,38563,"Outer",0.0375230142883074,37.5230142883075
"482","2003","39",1,1186,24542,"Inner",0.0483253198598321,48.3253198598321
"483","2003","42",0,2538,173247,"Outer",0.0146496043221528,14.6496043221528
"484","2003","42",1,2266,104901,"Inner",0.0216013193391865,21.6013193391865
"485","2004","17",0,2950,136998,"Outer",0.0215331610680448,21.5331610680448
"486","2004","17",1,2420,83436,"Inner",0.0290042667433722,29.0042667433722
"487","2004","20",0,1473,24721,"Outer",0.0595849682456211,59.5849682456211
"488","2004","20",1,1330,21624,"Inner",0.0615057343692194,61.5057343692194
"489","2004","21",0,1675,26114,"Outer",0.0641418396262541,64.1418396262541
"490","2004","21",1,1499,22481,"Inner",0.0666785285352075,66.6785285352075
"491","2004","22",0,1925,29247,"Outer",0.0658187164495504,65.8187164495504
"492","2004","22",1,1687,24403,"Inner",0.0691308445682908,69.1308445682908
"493","2004","23",0,2300,33381,"Outer",0.0689014708966178,68.9014708966178
"494","2004","23",1,1739,29323,"Inner",0.0593049824369948,59.3049824369948
"495","2004","24",0,2555,35409,"Outer",0.0721567962947273,72.1567962947273
"496","2004","24",1,1870,33252,"Inner",0.0562372188139059,56.2372188139059
"497","2004","25",0,2810,36132,"Outer",0.0777703974316395,77.7703974316396
"498","2004","25",1,2027,35879,"Inner",0.0564954430168065,56.4954430168065
"499","2004","26",0,2855,35885,"Outer",0.0795597046119549,79.5597046119549
"500","2004","26",1,2012,36257,"Inner",0.0554927324378741,55.4927324378741
"501","2004","27",0,3276,35534,"Outer",0.0921933922440479,92.1933922440479
"502","2004","27",1,2318,36906,"Inner",0.0628082154663198,62.8082154663198
"503","2004","28",0,3753,36165,"Outer",0.103774367482372,103.774367482372
"504","2004","28",1,2381,36077,"Inner",0.0659977270837376,65.9977270837376
"505","2004","29",0,3888,37177,"Outer",0.104580789197622,104.580789197622
"506","2004","29",1,2626,35595,"Inner",0.0737744065177694,73.7744065177693
"507","2004","30",0,4126,36975,"Outer",0.11158891142664,111.58891142664
"508","2004","30",1,2849,33810,"Inner",0.0842650103519669,84.2650103519669
"509","2004","31",0,4307,37792,"Outer",0.113965918712955,113.965918712955
"510","2004","31",1,3054,33043,"Inner",0.092425021941107,92.425021941107
"511","2004","32",0,4265,38672,"Outer",0.110286512205213,110.286512205213
"512","2004","32",1,3101,31748,"Inner",0.0976754441224644,97.6754441224644
"513","2004","33",0,4208,38318,"Outer",0.10981784017955,109.81784017955
"514","2004","33",1,3007,30335,"Inner",0.0991264216251854,99.1264216251854
"515","2004","34",0,3860,38194,"Outer",0.101062994187569,101.062994187569
"516","2004","34",1,2787,28580,"Inner",0.0975157452764171,97.5157452764171
"517","2004","35",0,3419,38947,"Outer",0.0877859655429173,87.7859655429173
"518","2004","35",1,2555,28177,"Inner",0.0906767931291479,90.6767931291479
"519","2004","36",0,2845,38591,"Outer",0.0737218522453422,73.7218522453422
"520","2004","36",1,2294,27414,"Inner",0.0836798715984533,83.6798715984533
"521","2004","37",0,2440,39212,"Outer",0.0622258492298276,62.2258492298276
"522","2004","37",1,1908,26490,"Inner",0.0720271800679502,72.0271800679502
"523","2004","38",0,1950,39573,"Outer",0.0492760215298309,49.2760215298309
"524","2004","38",1,1506,25660,"Inner",0.0586905689789556,58.6905689789556
"525","2004","39",0,1518,39002,"Outer",0.0389210809702067,38.9210809702067
"526","2004","39",1,1223,24945,"Inner",0.0490278612948487,49.0278612948487
"527","2004","42",0,2675,177852,"Outer",0.0150405955513573,15.0405955513573
"528","2004","42",1,2412,108094,"Inner",0.0223139119655115,22.3139119655115
"529","2005","17",0,2952,139836,"Outer",0.0211104436625762,21.1104436625762
"530","2005","17",1,2303,84556,"Inner",0.0272363877193812,27.2363877193812
"531","2005","20",0,1508,25752,"Outer",0.0585585585585586,58.5585585585586
"532","2005","20",1,1279,22771,"Inner",0.056167932897106,56.167932897106
"533","2005","21",0,1770,27105,"Outer",0.0653016048699502,65.3016048699502
"534","2005","21",1,1455,23773,"Inner",0.0612038867622934,61.2038867622934
"535","2005","22",0,2030,29766,"Outer",0.0681986158704562,68.1986158704562
"536","2005","22",1,1604,25078,"Inner",0.0639604434165404,63.9604434165404
"537","2005","23",0,2308,32684,"Outer",0.0706155917268388,70.6155917268388
"538","2005","23",1,1835,29091,"Inner",0.0630779278814754,63.0779278814754
"539","2005","24",0,2626,36266,"Outer",0.0724094192907958,72.4094192907958
"540","2005","24",1,1965,34174,"Inner",0.0574998536899397,57.4998536899397
"541","2005","25",0,2940,37664,"Outer",0.0780586236193713,78.0586236193713
"542","2005","25",1,2117,37148,"Inner",0.056988263163562,56.988263163562
"543","2005","26",0,3302,38015,"Outer",0.0868604498224385,86.8604498224385
"544","2005","26",1,2255,38675,"Inner",0.0583063994828701,58.3063994828701
"545","2005","27",0,3357,36964,"Outer",0.0908180932799481,90.8180932799481
"546","2005","27",1,2327,38049,"Inner",0.0611579804988305,61.1579804988305
"547","2005","28",0,3766,36635,"Outer",0.102797870888495,102.797870888495
"548","2005","28",1,2480,37831,"Inner",0.0655547038143322,65.5547038143322
"549","2005","29",0,3968,37012,"Outer",0.107208472927699,107.208472927699
"550","2005","29",1,2767,36308,"Inner",0.076209099922882,76.209099922882
"551","2005","30",0,4183,37638,"Outer",0.111137680004251,111.137680004251
"552","2005","30",1,2950,35617,"Inner",0.0828256169806553,82.8256169806553
"553","2005","31",0,4478,37279,"Outer",0.120121247887551,120.121247887551
"554","2005","31",1,2989,33394,"Inner",0.0895070970833084,89.5070970833084
"555","2005","32",0,4236,38112,"Outer",0.111146095717884,111.146095717884
"556","2005","32",1,3050,32402,"Inner",0.094129991975804,94.129991975804
"557","2005","33",0,4143,38757,"Outer",0.106896818639214,106.896818639214
"558","2005","33",1,3044,30965,"Inner",0.0983045373809139,98.3045373809139
"559","2005","34",0,3732,38412,"Outer",0.0971571383942518,97.1571383942518
"560","2005","34",1,2950,29572,"Inner",0.0997565264439334,99.7565264439334
"561","2005","35",0,3521,38059,"Outer",0.0925142541842928,92.5142541842928
"562","2005","35",1,2646,27592,"Inner",0.0958973615540736,95.8973615540737
"563","2005","36",0,2825,38677,"Outer",0.073040825296688,73.040825296688
"564","2005","36",1,2342,27257,"Inner",0.0859228821953993,85.9228821953993
"565","2005","37",0,2448,38448,"Outer",0.0636704119850187,63.6704119850187
"566","2005","37",1,1925,26552,"Inner",0.0724992467610726,72.4992467610726
"567","2005","38",0,1907,38926,"Outer",0.0489903920258953,48.9903920258953
"568","2005","38",1,1513,25667,"Inner",0.0589472863988779,58.9472863988779
"569","2005","39",0,1552,39299,"Outer",0.0394920990355989,39.4920990355989
"570","2005","39",1,1258,24958,"Inner",0.0504046798621684,50.4046798621684
"571","2005","42",0,2928,182803,"Outer",0.0160172426054277,16.0172426054277
"572","2005","42",1,2488,110784,"Inner",0.0224581166955517,22.4581166955517
"573","2006","17",0,2933,141555,"Outer",0.0207198615379181,20.7198615379181
"574","2006","17",1,2146,83092,"Inner",0.0258267943965725,25.8267943965725
"575","2006","20",0,1750,26259,"Outer",0.0666438173578583,66.6438173578583
"576","2006","20",1,1333,22983,"Inner",0.0579993908541096,57.9993908541096
"577","2006","21",0,1811,28539,"Outer",0.0634570237219244,63.4570237219244
"578","2006","21",1,1515,25097,"Inner",0.06036578077061,60.36578077061
"579","2006","22",0,2169,30862,"Outer",0.0702806039790033,70.2806039790033
"580","2006","22",1,1656,26366,"Inner",0.0628081620268528,62.8081620268528
"581","2006","23",0,2451,33715,"Outer",0.0726976123387216,72.6976123387216
"582","2006","23",1,1844,29819,"Inner",0.0618397665917703,61.8397665917703
"583","2006","24",0,2757,35983,"Outer",0.076619514770864,76.619514770864
"584","2006","24",1,2020,33920,"Inner",0.0595518867924528,59.5518867924528
"585","2006","25",0,3164,38083,"Outer",0.0830816899929102,83.0816899929102
"586","2006","25",1,2197,37292,"Inner",0.058913439879867,58.913439879867
"587","2006","26",0,3561,39090,"Outer",0.0910974673829624,91.0974673829624
"588","2006","26",1,2341,39221,"Inner",0.0596874123556258,59.6874123556258
"589","2006","27",0,3717,38931,"Outer",0.095476612468213,95.476612468213
"590","2006","27",1,2383,39924,"Inner",0.0596884079751528,59.6884079751528
"591","2006","28",0,3806,37637,"Outer",0.101123894040439,101.123894040439
"592","2006","28",1,2540,38332,"Inner",0.0662631743712825,66.2631743712825
"593","2006","29",0,4231,37194,"Outer",0.113754906705383,113.754906705383
"594","2006","29",1,2795,37565,"Inner",0.0744043657660056,74.4043657660056
"595","2006","30",0,4217,37618,"Outer",0.112100590143017,112.100590143017
"596","2006","30",1,3024,36345,"Inner",0.0832026413536938,83.2026413536938
"597","2006","31",0,4540,38125,"Outer",0.119081967213115,119.081967213115
"598","2006","31",1,3132,34997,"Inner",0.0894933851472983,89.4933851472983
"599","2006","32",0,4225,37566,"Outer",0.112468721716446,112.468721716446
"600","2006","32",1,3246,32719,"Inner",0.0992084110150066,99.2084110150066
"601","2006","33",0,4166,38296,"Outer",0.108784207227909,108.784207227909
"602","2006","33",1,3186,31439,"Inner",0.101339101116448,101.339101116448
"603","2006","34",0,3980,38785,"Outer",0.102616991104809,102.616991104809
"604","2006","34",1,3028,30003,"Inner",0.100923241009232,100.923241009232
"605","2006","35",0,3671,38231,"Outer",0.0960215531898198,96.0215531898198
"606","2006","35",1,2845,28391,"Inner",0.100207812334895,100.207812334895
"607","2006","36",0,3115,37772,"Outer",0.082468495181616,82.468495181616
"608","2006","36",1,2451,26582,"Inner",0.0922052516740652,92.2052516740652
"609","2006","37",0,2555,38450,"Outer",0.0664499349804941,66.4499349804941
"610","2006","37",1,2060,26242,"Inner",0.0785001143205548,78.5001143205548
"611","2006","38",0,1970,38232,"Outer",0.0515275162167818,51.5275162167818
"612","2006","38",1,1664,25660,"Inner",0.0648480124707716,64.8480124707716
"613","2006","39",0,1673,38590,"Outer",0.0433532003109614,43.3532003109614
"614","2006","39",1,1337,24813,"Inner",0.0538830451779309,53.8830451779309
"615","2006","42",0,3043,186086,"Outer",0.0163526541491568,16.3526541491568
"616","2006","42",1,2650,112456,"Inner",0.0235647719997154,23.5647719997154
"617","2007","17",0,2937,144562,"Outer",0.0203165423831989,20.3165423831989
"618","2007","17",1,2094,83006,"Inner",0.0252270920174445,25.2270920174445
"619","2007","20",0,1601,26264,"Outer",0.0609579652756625,60.9579652756625
"620","2007","20",1,1149,23254,"Inner",0.0494108540466156,49.4108540466156
"621","2007","21",0,1890,28776,"Outer",0.0656797331109258,65.6797331109258
"622","2007","21",1,1503,25065,"Inner",0.0599640933572711,59.9640933572711
"623","2007","22",0,2336,32254,"Outer",0.0724251255658213,72.4251255658213
"624","2007","22",1,1638,27563,"Inner",0.0594274933788049,59.4274933788049
"625","2007","23",0,2505,34222,"Outer",0.073198527263164,73.198527263164
"626","2007","23",1,1748,30927,"Inner",0.0565201927118699,56.5201927118699
"627","2007","24",0,2924,36830,"Outer",0.0793918001629107,79.3918001629107
"628","2007","24",1,1946,34837,"Inner",0.0558601486924821,55.8601486924821
"629","2007","25",0,3206,38171,"Outer",0.08399046396479,83.99046396479
"630","2007","25",1,2113,37505,"Inner",0.0563391547793628,56.3391547793628
"631","2007","26",0,3551,39856,"Outer",0.0890957446808511,89.0957446808511
"632","2007","26",1,2309,39935,"Inner",0.0578189558031802,57.8189558031802
"633","2007","27",0,4150,40478,"Outer",0.102524828301794,102.524828301794
"634","2007","27",1,2471,40884,"Inner",0.0604392916544369,60.4392916544369
"635","2007","28",0,4347,40156,"Outer",0.108252814025301,108.252814025301
"636","2007","28",1,2738,40535,"Inner",0.0675465646971753,67.5465646971753
"637","2007","29",0,4485,38361,"Outer",0.116915617423946,116.915617423946
"638","2007","29",1,2759,38124,"Inner",0.0723691113209527,72.3691113209527
"639","2007","30",0,4600,37382,"Outer",0.1230538761971,123.0538761971
"640","2007","30",1,3041,36438,"Inner",0.0834568307810527,83.4568307810527
"641","2007","31",0,4658,37751,"Outer",0.123387459934836,123.387459934836
"642","2007","31",1,3226,34914,"Inner",0.0923984647992209,92.3984647992209
"643","2007","32",0,4755,38042,"Outer",0.124993428316072,124.993428316072
"644","2007","32",1,3342,33581,"Inner",0.0995205622226854,99.5205622226854
"645","2007","33",0,4447,37289,"Outer",0.11925768993537,119.25768993537
"646","2007","33",1,3272,31320,"Inner",0.104469987228608,104.469987228608
"647","2007","34",0,4065,38131,"Outer",0.106606173454669,106.606173454669
"648","2007","34",1,3085,29981,"Inner",0.102898502384844,102.898502384844
"649","2007","35",0,3725,38513,"Outer",0.0967205878534521,96.7205878534521
"650","2007","35",1,2880,28835,"Inner",0.0998786197329634,99.8786197329634
"651","2007","36",0,3259,38100,"Outer",0.0855380577427822,85.5380577427822
"652","2007","36",1,2586,27308,"Inner",0.0946975245349348,94.6975245349348
"653","2007","37",0,2694,37672,"Outer",0.0715119983011255,71.5119983011255
"654","2007","37",1,2138,25652,"Inner",0.0833463277717137,83.3463277717137
"655","2007","38",0,2152,38186,"Outer",0.0563557324673964,56.3557324673964
"656","2007","38",1,1782,25346,"Inner",0.0703069517872643,70.3069517872643
"657","2007","39",0,1696,38094,"Outer",0.0445214469470258,44.5214469470258
"658","2007","39",1,1418,24855,"Inner",0.0570508951921143,57.0508951921143
"659","2007","42",0,3324,188960,"Outer",0.0175910245554615,17.5910245554615
"660","2007","42",1,2963,114723,"Inner",0.0258274278043636,25.8274278043636
"661","2008","17",0,2874,146518,"Outer",0.0196153373646924,19.6153373646924
"662","2008","17",1,1983,82835,"Inner",0.0239391561537997,23.9391561537997
"663","2008","20",0,1584,27496,"Outer",0.0576083794006401,57.6083794006401
"664","2008","20",1,1200,23834,"Inner",0.0503482420072166,50.3482420072166
"665","2008","21",0,1943,29211,"Outer",0.0665160384786553,66.5160384786553
"666","2008","21",1,1377,25754,"Inner",0.053467422536305,53.467422536305
"667","2008","22",0,2287,32698,"Outer",0.0699431157868983,69.9431157868983
"668","2008","22",1,1606,27837,"Inner",0.0576929985271401,57.6929985271401
"669","2008","23",0,2650,35715,"Outer",0.0741985160296794,74.1985160296794
"670","2008","23",1,1759,32364,"Inner",0.0543505129155852,54.3505129155852
"671","2008","24",0,2910,37211,"Outer",0.0782026820026336,78.2026820026336
"672","2008","24",1,1919,35604,"Inner",0.0538984383777104,53.8984383777104
"673","2008","25",0,3303,38904,"Outer",0.084901295496607,84.901295496607
"674","2008","25",1,2149,38264,"Inner",0.0561624503449718,56.1624503449718
"675","2008","26",0,3725,40006,"Outer",0.0931110333449982,93.1110333449982
"676","2008","26",1,2373,40045,"Inner",0.0592583343738294,59.2583343738294
"677","2008","27",0,4140,41508,"Outer",0.0997398091934085,99.7398091934085
"678","2008","27",1,2499,41377,"Inner",0.0603958721028591,60.3958721028591
"679","2008","28",0,4506,41755,"Outer",0.107915219734164,107.915219734164
"680","2008","28",1,2655,41470,"Inner",0.0640221847118399,64.0221847118399
"681","2008","29",0,4834,41222,"Outer",0.117267478530882,117.267478530882
"682","2008","29",1,2907,40149,"Inner",0.0724052902936561,72.4052902936561
"683","2008","30",0,4692,39214,"Outer",0.119651144999235,119.651144999235
"684","2008","30",1,3101,37810,"Inner",0.0820153398571806,82.0153398571806
"685","2008","31",0,4744,38065,"Outer",0.124628924208591,124.628924208591
"686","2008","31",1,3418,35748,"Inner",0.0956137406288464,95.6137406288464
"687","2008","32",0,4569,38179,"Outer",0.119673118730192,119.673118730192
"688","2008","32",1,3318,34175,"Inner",0.0970885149963424,97.0885149963424
"689","2008","33",0,4475,38341,"Outer",0.116715787277327,116.715787277327
"690","2008","33",1,3380,32544,"Inner",0.103859390363815,103.859390363815
"691","2008","34",0,4208,37425,"Outer",0.112438209752839,112.438209752839
"692","2008","34",1,3197,30468,"Inner",0.104929762373638,104.929762373638
"693","2008","35",0,3846,38092,"Outer",0.10096608211698,100.96608211698
"694","2008","35",1,2821,28872,"Inner",0.0977071210861735,97.7071210861734
"695","2008","36",0,3397,38455,"Outer",0.0883370172929398,88.3370172929398
"696","2008","36",1,2630,27825,"Inner",0.0945193171608266,94.5193171608266
"697","2008","37",0,2761,38069,"Outer",0.0725262024219181,72.5262024219181
"698","2008","37",1,2234,26415,"Inner",0.0845731591898543,84.5731591898543
"699","2008","38",0,2253,37509,"Outer",0.0600655842597777,60.0655842597777
"700","2008","38",1,1772,24894,"Inner",0.0711818108781232,71.1818108781232
"701","2008","39",0,1711,38030,"Outer",0.0449907967394163,44.9907967394162
"702","2008","39",1,1475,24641,"Inner",0.0598595836207946,59.8595836207946
"703","2008","42",0,3495,188490,"Outer",0.0185420977240172,18.5420977240172
"704","2008","42",1,2973,114105,"Inner",0.0260549493887209,26.0549493887209
"705","2009","17",0,2790,148269,"Outer",0.0188171499099609,18.8171499099609
"706","2009","17",1,1792,83473,"Inner",0.0214680195991518,21.4680195991518
"707","2009","20",0,1578,27395,"Outer",0.0576017521445519,57.6017521445519
"708","2009","20",1,1108,22812,"Inner",0.0485709275819744,48.5709275819744
"709","2009","21",0,1947,29995,"Outer",0.064910818469745,64.910818469745
"710","2009","21",1,1324,26030,"Inner",0.050864387245486,50.864387245486
"711","2009","22",0,2350,32604,"Outer",0.0720770457612563,72.0770457612563
"712","2009","22",1,1592,28442,"Inner",0.0559735602278321,55.9735602278321
"713","2009","23",0,2559,35751,"Outer",0.0715784173869262,71.5784173869262
"714","2009","23",1,1698,32113,"Inner",0.0528757823934232,52.8757823934232
"715","2009","24",0,2917,37940,"Outer",0.0768845545598313,76.8845545598313
"716","2009","24",1,1963,36960,"Inner",0.0531114718614719,53.1114718614719
"717","2009","25",0,3395,38871,"Outer",0.0873401764811814,87.3401764811813
"718","2009","25",1,2118,38661,"Inner",0.0547838907426088,54.7838907426088
"719","2009","26",0,3712,40496,"Outer",0.0916633741604109,91.6633741604109
"720","2009","26",1,2324,40715,"Inner",0.0570797003561341,57.0797003561341
"721","2009","27",0,4068,41373,"Outer",0.0983249945616707,98.3249945616706
"722","2009","27",1,2413,41452,"Inner",0.0582119077487214,58.2119077487214
"723","2009","28",0,4584,42519,"Outer",0.107810625837861,107.810625837861
"724","2009","28",1,2756,42015,"Inner",0.0655956206116863,65.5956206116863
"725","2009","29",0,4961,42645,"Outer",0.116332512604057,116.332512604057
"726","2009","29",1,3071,41415,"Inner",0.0741518773391283,74.1518773391283
"727","2009","30",0,5117,41898,"Outer",0.122129934603084,122.129934603084
"728","2009","30",1,3188,39592,"Inner",0.0805213174378662,80.5213174378662
"729","2009","31",0,4892,39526,"Outer",0.12376663462025,123.76663462025
"730","2009","31",1,3361,36694,"Inner",0.0915953561890227,91.5953561890227
"731","2009","32",0,4657,38489,"Outer",0.120995609135078,120.995609135078
"732","2009","32",1,3437,34569,"Inner",0.0994243397263444,99.4243397263444
"733","2009","33",0,4537,38404,"Outer",0.11813873554838,118.13873554838
"734","2009","33",1,3447,32989,"Inner",0.104489375246294,104.489375246294
"735","2009","34",0,4301,38380,"Outer",0.11206357477853,112.06357477853
"736","2009","34",1,3302,31488,"Inner",0.104865345528455,104.865345528455
"737","2009","35",0,3859,37707,"Outer",0.102341740260429,102.341740260429
"738","2009","35",1,2986,29680,"Inner",0.100606469002695,100.606469002695
"739","2009","36",0,3343,38199,"Outer",0.0875153799837692,87.5153799837692
"740","2009","36",1,2644,28181,"Inner",0.0938220787055108,93.8220787055108
"741","2009","37",0,2791,38486,"Outer",0.0725198773580003,72.5198773580003
"742","2009","37",1,2217,27200,"Inner",0.0815073529411765,81.5073529411765
"743","2009","38",0,2257,38303,"Outer",0.0589248883899433,58.9248883899433
"744","2009","38",1,1851,25969,"Inner",0.0712772921560322,71.2772921560322
"745","2009","39",0,1817,37669,"Outer",0.0482359499853991,48.2359499853991
"746","2009","39",1,1481,24446,"Inner",0.06058250838583,60.58250838583
"747","2009","42",0,3608,189470,"Outer",0.0190425924948541,19.0425924948541
"748","2009","42",1,3136,115784,"Inner",0.0270849167415187,27.0849167415187
"749","2010","17",0,2470,147199,"Outer",0.016780005298949,16.780005298949
"750","2010","17",1,1600,82563,"Inner",0.0193791407773458,19.3791407773458
"751","2010","20",0,1445,27891,"Outer",0.0518088272202503,51.8088272202503
"752","2010","20",1,1029,22543,"Inner",0.0456460985671827,45.6460985671827
"753","2010","21",0,1857,29536,"Outer",0.0628724268689057,62.8724268689057
"754","2010","21",1,1249,24275,"Inner",0.0514521112255407,51.4521112255407
"755","2010","22",0,2296,33852,"Outer",0.0678246484698098,67.8246484698098
"756","2010","22",1,1599,28518,"Inner",0.0560698506206606,56.0698506206606
"757","2010","23",0,2612,35734,"Outer",0.0730956512005373,73.0956512005373
"758","2010","23",1,1716,32968,"Inner",0.0520504731861199,52.0504731861199
"759","2010","24",0,3094,38148,"Outer",0.0811051693404635,81.1051693404634
"760","2010","24",1,1971,36583,"Inner",0.0538774840773037,53.8774840773037
"761","2010","25",0,3508,39672,"Outer",0.0884250857027627,88.4250857027627
"762","2010","25",1,2174,40226,"Inner",0.0540446477402675,54.0446477402675
"763","2010","26",0,3720,40234,"Outer",0.0924591141820351,92.4591141820351
"764","2010","26",1,2248,40962,"Inner",0.0548801328060153,54.8801328060153
"765","2010","27",0,4193,41971,"Outer",0.0999023135021801,99.9023135021801
"766","2010","27",1,2564,42178,"Inner",0.0607899853003936,60.7899853003936
"767","2010","28",0,4823,42728,"Outer",0.112876802096986,112.876802096986
"768","2010","28",1,2763,42327,"Inner",0.0652774824580055,65.2774824580055
"769","2010","29",0,5219,43671,"Outer",0.119507224473907,119.507224473907
"770","2010","29",1,3125,41930,"Inner",0.0745289768662056,74.5289768662056
"771","2010","30",0,5485,43291,"Outer",0.126700699914532,126.700699914532
"772","2010","30",1,3460,40927,"Inner",0.0845407677083588,84.5407677083588
"773","2010","31",0,5375,42562,"Outer",0.126286358723744,126.286358723744
"774","2010","31",1,3606,38643,"Inner",0.093315736355873,93.315736355873
"775","2010","32",0,5026,40071,"Outer",0.125427366424596,125.427366424596
"776","2010","32",1,3700,35544,"Inner",0.104096331307675,104.096331307675
"777","2010","33",0,4650,38708,"Outer",0.120130205642244,120.130205642244
"778","2010","33",1,3595,33488,"Inner",0.107351887243192,107.351887243192
"779","2010","34",0,4405,38672,"Outer",0.11390670252379,113.90670252379
"780","2010","34",1,3406,31795,"Inner",0.107123761597735,107.123761597735
"781","2010","35",0,4019,38513,"Outer",0.104354373847792,104.354373847792
"782","2010","35",1,3170,30025,"Inner",0.105578684429642,105.578684429642
"783","2010","36",0,3346,37550,"Outer",0.0891078561917443,89.1078561917443
"784","2010","36",1,2752,28525,"Inner",0.0964767747589833,96.4767747589834
"785","2010","37",0,2944,38016,"Outer",0.0774410774410774,77.4410774410774
"786","2010","37",1,2326,27117,"Inner",0.0857764501972932,85.7764501972932
"787","2010","38",0,2309,38227,"Outer",0.0604023334292516,60.4023334292516
"788","2010","38",1,1888,26235,"Inner",0.0719649323422908,71.9649323422908
"789","2010","39",0,1846,38234,"Outer",0.0482816341476173,48.2816341476173
"790","2010","39",1,1478,25111,"Inner",0.0588586675162279,58.8586675162279
"791","2010","42",0,3855,189003,"Outer",0.0203965016428311,20.3965016428311
"792","2010","42",1,3196,115950,"Inner",0.0275636050021561,27.5636050021561
"793","2011","17",0,2190,147446,"Outer",0.0148528952972614,14.8528952972614
"794","2011","17",1,1349,83501,"Inner",0.0161554951437707,16.1554951437707
"795","2011","20",0,1346,28211,"Outer",0.0477118854347595,47.7118854347595
"796","2011","20",1,884,22844,"Inner",0.0386972509192786,38.6972509192786
"797","2011","21",0,1729,30285,"Outer",0.0570909691266303,57.0909691266303
"798","2011","21",1,1108,24389,"Inner",0.0454303169461643,45.4303169461643
"799","2011","22",0,2204,33711,"Outer",0.0653792530627985,65.3792530627985
"800","2011","22",1,1474,27867,"Inner",0.0528941041375103,52.8941041375103
"801","2011","23",0,2751,37633,"Outer",0.073100736056121,73.100736056121
"802","2011","23",1,1672,33762,"Inner",0.0495231325158462,49.5231325158462
"803","2011","24",0,3142,38459,"Outer",0.0816973920278738,81.6973920278738
"804","2011","24",1,1815,38004,"Inner",0.0477581307230818,47.7581307230818
"805","2011","25",0,3504,40091,"Outer",0.0874011623556409,87.4011623556409
"806","2011","25",1,2093,40584,"Inner",0.0515720480977725,51.5720480977725
"807","2011","26",0,3923,41110,"Outer",0.0954269034298224,95.4269034298224
"808","2011","26",1,2338,42941,"Inner",0.0544467990964346,54.4467990964346
"809","2011","27",0,4252,41610,"Outer",0.102186974285028,102.186974285028
"810","2011","27",1,2603,42687,"Inner",0.0609787523133507,60.9787523133507
"811","2011","28",0,4714,43178,"Outer",0.109175969243596,109.175969243596
"812","2011","28",1,2701,43298,"Inner",0.0623816342556238,62.3816342556238
"813","2011","29",0,5170,43881,"Outer",0.117818645883184,117.818645883184
"814","2011","29",1,3073,42861,"Inner",0.0716968806140781,71.6968806140781
"815","2011","30",0,5362,44407,"Outer",0.120746729119283,120.746729119283
"816","2011","30",1,3354,41515,"Inner",0.0807900758761893,80.7900758761893
"817","2011","31",0,5586,44082,"Outer",0.126718388457874,126.718388457874
"818","2011","31",1,3616,40025,"Inner",0.0903435352904435,90.3435352904435
"819","2011","32",0,5270,42949,"Outer",0.122703671796782,122.703671796782
"820","2011","32",1,3773,37786,"Inner",0.0998517969618377,99.8517969618377
"821","2011","33",0,4830,40321,"Outer",0.119788695716872,119.788695716872
"822","2011","33",1,3565,34354,"Inner",0.103772486464458,103.772486464458
"823","2011","34",0,4493,39043,"Outer",0.115078247060933,115.078247060933
"824","2011","34",1,3349,32271,"Inner",0.103777385268507,103.777385268507
"825","2011","35",0,3834,38641,"Outer",0.0992210346523123,99.2210346523123
"826","2011","35",1,3104,30395,"Inner",0.102122059549268,102.122059549268
"827","2011","36",0,3546,38412,"Outer",0.0923149015932521,92.3149015932521
"828","2011","36",1,2823,28714,"Inner",0.0983144110886675,98.3144110886676
"829","2011","37",0,2877,37399,"Outer",0.0769271905665927,76.9271905665927
"830","2011","37",1,2351,27452,"Inner",0.0856403904997814,85.6403904997814
"831","2011","38",0,2332,37713,"Outer",0.0618354413597433,61.8354413597433
"832","2011","38",1,1920,26199,"Inner",0.0732852398946525,73.2852398946525
"833","2011","39",0,1950,37954,"Outer",0.0513779838752174,51.3779838752174
"834","2011","39",1,1549,25433,"Inner",0.0609051232650493,60.9051232650493
"835","2011","42",0,3931,188839,"Outer",0.0208166745216825,20.8166745216825
"836","2011","42",1,3395,116131,"Inner",0.0292342268644892,29.2342268644892
"837","2012","17",0,2038,146109,"Outer",0.0139484905105093,13.9484905105093
"838","2012","17",1,1321,83848,"Inner",0.015754698979105,15.754698979105
"839","2012","20",0,1309,27748,"Outer",0.0471745711402624,47.1745711402624
"840","2012","20",1,754,23080,"Inner",0.0326689774696707,32.6689774696707
"841","2012","21",0,1619,30405,"Outer",0.0532478210820589,53.2478210820589
"842","2012","21",1,985,24827,"Inner",0.0396745478712692,39.6745478712692
"843","2012","22",0,2062,34165,"Outer",0.0603541636177375,60.3541636177375
"844","2012","22",1,1330,27722,"Inner",0.0479763364836592,47.9763364836592
"845","2012","23",0,2501,37301,"Outer",0.0670491407737058,67.0491407737058
"846","2012","23",1,1562,34614,"Inner",0.0451262494944242,45.1262494944242
"847","2012","24",0,3209,40262,"Outer",0.0797029457056281,79.7029457056281
"848","2012","24",1,1977,38326,"Inner",0.0515837812451078,51.5837812451078
"849","2012","25",0,3452,40513,"Outer",0.0852072174363784,85.2072174363784
"850","2012","25",1,2077,40618,"Inner",0.0511349647939337,51.1349647939337
"851","2012","26",0,3980,41936,"Outer",0.0949065242273941,94.9065242273941
"852","2012","26",1,2240,42777,"Inner",0.0523645884470627,52.3645884470627
"853","2012","27",0,4309,42785,"Outer",0.100712866658876,100.712866658876
"854","2012","27",1,2507,44246,"Inner",0.056660489083759,56.660489083759
"855","2012","28",0,4740,42864,"Outer",0.110582306830907,110.582306830907
"856","2012","28",1,2803,43544,"Inner",0.0643716700349072,64.3716700349072
"857","2012","29",0,5075,44489,"Outer",0.11407314167547,114.07314167547
"858","2012","29",1,2967,43042,"Inner",0.0689326704149435,68.9326704149435
"859","2012","30",0,5511,44894,"Outer",0.122755824831826,122.755824831826
"860","2012","30",1,3385,42379,"Inner",0.0798744661270912,79.8744661270912
"861","2012","31",0,5618,45352,"Outer",0.123875463044629,123.875463044629
"862","2012","31",1,3715,40508,"Inner",0.0917102794509727,91.7102794509726
"863","2012","32",0,5659,44885,"Outer",0.126077754260889,126.077754260889
"864","2012","32",1,3723,39061,"Inner",0.0953124599984639,95.3124599984639
"865","2012","33",0,5220,43648,"Outer",0.119593108504399,119.593108504399
"866","2012","33",1,3798,36211,"Inner",0.104885255861479,104.885255861479
"867","2012","34",0,4594,40746,"Outer",0.112747263535071,112.747263535071
"868","2012","34",1,3533,32996,"Inner",0.107073584676931,107.073584676931
"869","2012","35",0,4166,39294,"Outer",0.106021275512801,106.021275512801
"870","2012","35",1,3266,31187,"Inner",0.104723121813576,104.723121813576
"871","2012","36",0,3649,39018,"Outer",0.0935209390537701,93.5209390537701
"872","2012","36",1,2768,29231,"Inner",0.0946939892579795,94.6939892579796
"873","2012","37",0,3067,38587,"Outer",0.0794827273434058,79.4827273434058
"874","2012","37",1,2378,27763,"Inner",0.0856535676980153,85.6535676980153
"875","2012","38",0,2391,37466,"Outer",0.0638178615277852,63.8178615277852
"876","2012","38",1,1938,26632,"Inner",0.0727696004806248,72.7696004806248
"877","2012","39",0,1940,37700,"Outer",0.0514588859416446,51.4588859416446
"878","2012","39",1,1503,25545,"Inner",0.0588373458602466,58.8373458602466
"879","2012","42",0,4121,189725,"Outer",0.021720911846093,21.720911846093
"880","2012","42",1,3428,117316,"Inner",0.0292202257151625,29.2202257151625
"881","2013","17",0,1729,145411,"Outer",0.011890434698888,11.890434698888
"882","2013","17",1,1043,82420,"Inner",0.0126546954622664,12.6546954622664
"883","2013","20",0,1089,27925,"Outer",0.0389973142345569,38.9973142345569
"884","2013","20",1,688,23626,"Inner",0.0291204605096081,29.1204605096081
"885","2013","21",0,1405,29783,"Outer",0.0471745626699795,47.1745626699795
"886","2013","21",1,882,25009,"Inner",0.0352673037706426,35.2673037706426
"887","2013","22",0,1749,33698,"Outer",0.051902190040952,51.902190040952
"888","2013","22",1,1086,28032,"Inner",0.0387414383561644,38.7414383561644
"889","2013","23",0,2260,37544,"Outer",0.0601960366503303,60.1960366503303
"890","2013","23",1,1382,34338,"Inner",0.0402469567243287,40.2469567243287
"891","2013","24",0,2761,39801,"Outer",0.0693701163287355,69.3701163287355
"892","2013","24",1,1682,38932,"Inner",0.0432035343676153,43.2035343676153
"893","2013","25",0,3249,42286,"Outer",0.0768339403112141,76.8339403112141
"894","2013","25",1,2027,41082,"Inner",0.0493403437028382,49.3403437028382
"895","2013","26",0,3690,42095,"Outer",0.0876588668487944,87.6588668487944
"896","2013","26",1,2208,43012,"Inner",0.0513345112991723,51.3345112991723
"897","2013","27",0,4248,43428,"Outer",0.0978170765404808,97.8170765404808
"898","2013","27",1,2382,44237,"Inner",0.0538463277347017,53.8463277347017
"899","2013","28",0,4692,44182,"Outer",0.10619709383912,106.19709383912
"900","2013","28",1,2580,45102,"Inner",0.0572036716775309,57.2036716775309
"901","2013","29",0,4855,43925,"Outer",0.110529311326124,110.529311326124
"902","2013","29",1,2820,43520,"Inner",0.0647977941176471,64.7977941176471
"903","2013","30",0,5304,45413,"Outer",0.116794750401867,116.794750401867
"904","2013","30",1,3157,42507,"Inner",0.0742701202154939,74.2701202154939
"905","2013","31",0,5279,45521,"Outer",0.115968454120076,115.968454120076
"906","2013","31",1,3423,41431,"Inner",0.0826192947309985,82.6192947309985
"907","2013","32",0,5524,46098,"Outer",0.119831662978871,119.831662978871
"908","2013","32",1,3683,39321,"Inner",0.0936649627425549,93.6649627425549
"909","2013","33",0,5233,45475,"Outer",0.115074216602529,115.074216602529
"910","2013","33",1,3637,37575,"Inner",0.0967930805056554,96.7930805056554
"911","2013","34",0,4845,43968,"Outer",0.110193777292576,110.193777292576
"912","2013","34",1,3581,34911,"Inner",0.102575119589814,102.575119589814
"913","2013","35",0,4126,41143,"Outer",0.10028437401259,100.28437401259
"914","2013","35",1,3158,31875,"Inner",0.0990745098039216,99.0745098039216
"915","2013","36",0,3489,39735,"Outer",0.0878067195167988,87.8067195167988
"916","2013","36",1,2868,30027,"Inner",0.0955140373663703,95.5140373663703
"917","2013","37",0,2915,39246,"Outer",0.0742750853590175,74.2750853590175
"918","2013","37",1,2287,28302,"Inner",0.0808070101052929,80.8070101052929
"919","2013","38",0,2454,38761,"Outer",0.0633110600861691,63.3110600861691
"920","2013","38",1,1892,26907,"Inner",0.0703162745753893,70.3162745753893
"921","2013","39",0,1909,37459,"Outer",0.0509623855415254,50.9623855415254
"922","2013","39",1,1539,25950,"Inner",0.0593063583815029,59.3063583815029
"923","2013","42",0,4118,190157,"Outer",0.0216557896895723,21.6557896895723
"924","2013","42",1,3403,118229,"Inner",0.0287831242757699,28.7831242757699
"925","2014","17",0,1546,144016,"Outer",0.0107349183424064,10.7349183424064
"926","2014","17",1,910,81997,"Inner",0.0110979669987926,11.0979669987926
"927","2014","20",0,1020,27404,"Outer",0.0372208436724566,37.2208436724566
"928","2014","20",1,636,23337,"Inner",0.0272528602648155,27.2528602648155
"929","2014","21",0,1287,29964,"Outer",0.0429515418502203,42.9515418502203
"930","2014","21",1,833,25910,"Inner",0.0321497491316094,32.1497491316094
"931","2014","22",0,1602,33372,"Outer",0.0480043149946063,48.0043149946063
"932","2014","22",1,1024,28876,"Inner",0.0354619753428453,35.4619753428453
"933","2014","23",0,2077,37503,"Outer",0.0553822360877796,55.3822360877796
"934","2014","23",1,1223,34897,"Inner",0.0350459924921913,35.0459924921913
"935","2014","24",0,2573,40450,"Outer",0.0636093943139679,63.6093943139679
"936","2014","24",1,1500,39214,"Inner",0.0382516448207273,38.2516448207273
"937","2014","25",0,3038,41783,"Outer",0.0727089964818227,72.7089964818228
"938","2014","25",1,1882,42365,"Inner",0.0444234627640741,44.4234627640741
"939","2014","26",0,3767,43659,"Outer",0.0862823243775625,86.2823243775625
"940","2014","26",1,2137,43969,"Inner",0.0486024244353977,48.6024244353977
"941","2014","27",0,4115,43842,"Outer",0.0938597691711145,93.8597691711145
"942","2014","27",1,2373,44691,"Inner",0.0530979391823857,53.0979391823857
"943","2014","28",0,4447,44835,"Outer",0.0991859038697446,99.1859038697446
"944","2014","28",1,2512,45392,"Inner",0.0553401480437081,55.3401480437081
"945","2014","29",0,4968,45416,"Outer",0.109388761669896,109.388761669896
"946","2014","29",1,2870,45038,"Inner",0.0637239664283494,63.7239664283494
"947","2014","30",0,5062,45124,"Outer",0.112179771296871,112.179771296871
"948","2014","30",1,3020,42893,"Inner",0.0704077588417691,70.4077588417691
"949","2014","31",0,5479,46195,"Outer",0.11860590973049,118.60590973049
"950","2014","31",1,3481,41438,"Inner",0.0840050195472754,84.0050195472755
"951","2014","32",0,5556,46318,"Outer",0.119953365862084,119.953365862084
"952","2014","32",1,3680,40206,"Inner",0.0915286275680247,91.5286275680247
"953","2014","33",0,5392,46733,"Outer",0.115378854342756,115.378854342756
"954","2014","33",1,3581,37522,"Inner",0.0954373434251906,95.4373434251906
"955","2014","34",0,5126,45949,"Outer",0.111558466996017,111.558466996017
"956","2014","34",1,3572,36134,"Inner",0.0988542646814634,98.8542646814634
"957","2014","35",0,4528,44429,"Outer",0.101915415606923,101.915415606923
"958","2014","35",1,3282,33564,"Inner",0.0977833392920987,97.7833392920987
"959","2014","36",0,3726,41544,"Outer",0.0896880415944541,89.6880415944541
"960","2014","36",1,2800,30544,"Inner",0.0916710319539026,91.6710319539026
"961","2014","37",0,2995,39998,"Outer",0.0748787439371969,74.8787439371969
"962","2014","37",1,2350,29039,"Inner",0.0809256517097696,80.9256517097696
"963","2014","38",0,2452,39461,"Outer",0.0621373001191049,62.1373001191049
"964","2014","38",1,1898,27352,"Inner",0.0693916349809886,69.3916349809886
"965","2014","39",0,1977,38806,"Outer",0.0509457300417461,50.9457300417461
"966","2014","39",1,1622,26304,"Inner",0.0616636253041363,61.6636253041363
"967","2014","42",0,4094,190062,"Outer",0.0215403394681735,21.5403394681735
"968","2014","42",1,3389,119336,"Inner",0.0283988067305759,28.3988067305759
"969","2015","17",0,1515,143744,"Outer",0.0105395703472841,10.5395703472841
"970","2015","17",1,880,81927,"Inner",0.0107412696668986,10.7412696668986
"971","2015","20",0,959,26414,"Outer",0.0363065041265995,36.3065041265995
"972","2015","20",1,621,23323,"Inner",0.0266260772627878,26.6260772627878
"973","2015","21",0,1299,29400,"Outer",0.0441836734693878,44.1836734693878
"974","2015","21",1,844,26199,"Inner",0.0322149700370243,32.2149700370243
"975","2015","22",0,1633,33709,"Outer",0.0484440357174642,48.4440357174642
"976","2015","22",1,983,29962,"Inner",0.0328082237500834,32.8082237500834
"977","2015","23",0,1940,37183,"Outer",0.0521743807654035,52.1743807654035
"978","2015","23",1,1231,35976,"Inner",0.0342172559484101,34.2172559484101
"979","2015","24",0,2569,40316,"Outer",0.0637215993650164,63.7215993650164
"980","2015","24",1,1416,39914,"Inner",0.0354762739890765,35.4762739890765
"981","2015","25",0,3084,42447,"Outer",0.0726553113294226,72.6553113294226
"982","2015","25",1,1735,42802,"Inner",0.0405354889958413,40.5354889958413
"983","2015","26",0,3598,43678,"Outer",0.0823755666468245,82.3755666468245
"984","2015","26",1,2124,44763,"Inner",0.0474499028215267,47.4499028215267
"985","2015","27",0,4016,45099,"Outer",0.0890485376615889,89.048537661589
"986","2015","27",1,2339,45962,"Inner",0.0508898655410992,50.8898655410992
"987","2015","28",0,4527,45128,"Outer",0.100314660521184,100.314660521184
"988","2015","28",1,2501,45726,"Inner",0.0546953593141757,54.6953593141757
"989","2015","29",0,5015,46257,"Outer",0.108416023520764,108.416023520764
"990","2015","29",1,2783,45207,"Inner",0.0615612626363174,61.5612626363174
"991","2015","30",0,5482,46647,"Outer",0.117520955259717,117.520955259717
"992","2015","30",1,3106,44583,"Inner",0.0696678106004531,69.6678106004531
"993","2015","31",0,5603,45939,"Outer",0.121966085461155,121.966085461155
"994","2015","31",1,3451,41792,"Inner",0.0825756125574273,82.5756125574273
"995","2015","32",0,5518,46706,"Outer",0.118143279236072,118.143279236072
"996","2015","32",1,3589,40186,"Inner",0.0893097098492012,89.3097098492012
"997","2015","33",0,5464,46792,"Outer",0.116772097794495,116.772097794495
"998","2015","33",1,3714,38290,"Inner",0.0969966048576652,96.9966048576652
"999","2015","34",0,5236,47140,"Outer",0.111073398387781,111.073398387781
"1000","2015","34",1,3619,36239,"Inner",0.0998647865559204,99.8647865559204
"1001","2015","35",0,4780,46278,"Outer",0.103288819741562,103.288819741562
"1002","2015","35",1,3473,34789,"Inner",0.0998304061628676,99.8304061628676
"1003","2015","36",0,4088,44815,"Outer",0.0912194577708357,91.2194577708357
"1004","2015","36",1,2965,32195,"Inner",0.0920950458145675,92.0950458145675
"1005","2015","37",0,3276,41781,"Outer",0.0784088461262296,78.4088461262296
"1006","2015","37",1,2457,29540,"Inner",0.083175355450237,83.175355450237
"1007","2015","38",0,2539,40252,"Outer",0.0630776110503826,63.0776110503826
"1008","2015","38",1,2050,28085,"Inner",0.072992700729927,72.992700729927
"1009","2015","39",0,2054,39506,"Outer",0.0519921024654483,51.9921024654483
"1010","2015","39",1,1648,26640,"Inner",0.0618618618618619,61.8618618618619
"1011","2015","42",0,4398,191777,"Outer",0.0229328855910771,22.9328855910771
"1012","2015","42",1,3491,120654,"Inner",0.0289339764947702,28.9339764947702
"1013","2016","17",0,1481,143449,"Outer",0.0103242267286631,10.3242267286631
"1014","2016","17",1,820,81101,"Inner",0.0101108494346556,10.1108494346556
"1015","2016","20",0,941,25928,"Outer",0.0362928108608454,36.2928108608454
"1016","2016","20",1,629,22735,"Inner",0.0276665933582582,27.6665933582582
"1017","2016","21",0,1235,28659,"Outer",0.0430929201995883,43.0929201995883
"1018","2016","21",1,737,25598,"Inner",0.028791311821236,28.791311821236
"1019","2016","22",0,1578,33004,"Outer",0.0478123863774088,47.8123863774088
"1020","2016","22",1,985,29788,"Inner",0.0330670068483953,33.0670068483953
"1021","2016","23",0,1947,37182,"Outer",0.052364047119574,52.364047119574
"1022","2016","23",1,1107,36611,"Inner",0.0302368140722734,30.2368140722734
"1023","2016","24",0,2342,40016,"Outer",0.0585265893642543,58.5265893642543
"1024","2016","24",1,1293,40357,"Inner",0.0320390514656689,32.0390514656689
"1025","2016","25",0,2704,42004,"Outer",0.0643748214455766,64.3748214455766
"1026","2016","25",1,1502,42716,"Inner",0.0351624683959172,35.1624683959172
"1027","2016","26",0,3560,44034,"Outer",0.0808466185220511,80.8466185220511
"1028","2016","26",1,1900,44744,"Inner",0.0424637940282496,42.4637940282496
"1029","2016","27",0,4076,44869,"Outer",0.0908422296017295,90.8422296017295
"1030","2016","27",1,2164,46147,"Inner",0.0468936225540122,46.8936225540122
"1031","2016","28",0,4487,46254,"Outer",0.0970078263501535,97.0078263501535
"1032","2016","28",1,2422,46572,"Inner",0.0520054968650691,52.0054968650691
"1033","2016","29",0,4942,46077,"Outer",0.107255246652343,107.255246652343
"1034","2016","29",1,2681,45440,"Inner",0.0590008802816901,59.0008802816901
"1035","2016","30",0,5390,47037,"Outer",0.114590641409954,114.590641409954
"1036","2016","30",1,3125,44388,"Inner",0.0704019104262413,70.4019104262413
"1037","2016","31",0,5652,47351,"Outer",0.119363899389664,119.363899389664
"1038","2016","31",1,3491,42988,"Inner",0.0812087094072765,81.2087094072765
"1039","2016","32",0,5585,46552,"Outer",0.119973363120811,119.973363120811
"1040","2016","32",1,3575,40208,"Inner",0.0889126541981695,88.9126541981695
"1041","2016","33",0,5515,47025,"Outer",0.117278043593833,117.278043593833
"1042","2016","33",1,3640,38175,"Inner",0.0953503601833661,95.3503601833661
"1043","2016","34",0,5266,47039,"Outer",0.111949658793767,111.949658793767
"1044","2016","34",1,3705,36530,"Inner",0.101423487544484,101.423487544484
"1045","2016","35",0,4819,47443,"Outer",0.101574521004152,101.574521004152
"1046","2016","35",1,3453,34435,"Inner",0.100275882096704,100.275882096704
"1047","2016","36",0,4225,46553,"Outer",0.0907567718514381,90.7567718514381
"1048","2016","36",1,3113,33306,"Inner",0.0934666426469705,93.4666426469705
"1049","2016","37",0,3480,44965,"Outer",0.0773935282997887,77.3935282997887
"1050","2016","37",1,2485,30988,"Inner",0.0801923325158126,80.1923325158126
"1051","2016","38",0,2747,41873,"Outer",0.0656031332839777,65.6031332839777
"1052","2016","38",1,2058,28372,"Inner",0.0725363033977161,72.5363033977161
"1053","2016","39",0,2196,40365,"Outer",0.0544035674470457,54.4035674470457
"1054","2016","39",1,1614,27202,"Inner",0.0593338725093743,59.3338725093743
"1055","2016","42",0,4537,192955,"Outer",0.0235132543857376,23.5132543857376
"1056","2016","42",1,3600,121614,"Inner",0.0296018550495831,29.6018550495831
"1057","2017","17",0,1407,141858,"Outer",0.00991836907329865,9.91836907329865
"1058","2017","17",1,737,80858,"Inner",0.00911474436666749,9.11474436666749
"1059","2017","20",0,997,25670,"Outer",0.0388391118036619,38.8391118036619
"1060","2017","20",1,551,22251,"Inner",0.024762932003056,24.762932003056
"1061","2017","21",0,1252,27988,"Outer",0.0447334571959411,44.7334571959411
"1062","2017","21",1,739,24923,"Inner",0.0296513260843398,29.6513260843398
"1063","2017","22",0,1557,31938,"Outer",0.0487507044899493,48.7507044899493
"1064","2017","22",1,885,29190,"Inner",0.0303186022610483,30.3186022610483
"1065","2017","23",0,1861,36130,"Outer",0.0515084417381677,51.5084417381677
"1066","2017","23",1,1026,36213,"Inner",0.0283323668295916,28.3323668295916
"1067","2017","24",0,2236,38932,"Outer",0.057433473749101,57.433473749101
"1068","2017","24",1,1271,40355,"Inner",0.0314954776359807,31.4954776359807
"1069","2017","25",0,2691,41269,"Outer",0.0652063292059415,65.2063292059415
"1070","2017","25",1,1464,42472,"Inner",0.0344697683179506,34.4697683179507
"1071","2017","26",0,3314,42690,"Outer",0.0776294214101663,77.6294214101663
"1072","2017","26",1,1702,44156,"Inner",0.0385451580759127,38.5451580759127
"1073","2017","27",0,3896,44804,"Outer",0.0869565217391304,86.9565217391304
"1074","2017","27",1,2059,45768,"Inner",0.0449877643768572,44.9877643768572
"1075","2017","28",0,4259,45499,"Outer",0.0936064528890745,93.6064528890745
"1076","2017","28",1,2386,46383,"Inner",0.0514412608067611,51.4412608067611
"1077","2017","29",0,4696,46672,"Outer",0.10061707233459,100.61707233459
"1078","2017","29",1,2713,45813,"Inner",0.0592189989740903,59.2189989740903
"1079","2017","30",0,5157,46653,"Outer",0.110539515143721,110.539515143721
"1080","2017","30",1,2930,44058,"Inner",0.0665032457215489,66.5032457215489
"1081","2017","31",0,5526,47214,"Outer",0.117041555470835,117.041555470835
"1082","2017","31",1,3294,42537,"Inner",0.0774384653360604,77.4384653360604
"1083","2017","32",0,5625,47452,"Outer",0.118540841271179,118.540841271179
"1084","2017","32",1,3718,41189,"Inner",0.0902668188108476,90.2668188108476
"1085","2017","33",0,5360,46495,"Outer",0.11528121303366,115.28121303366
"1086","2017","33",1,3621,37990,"Inner",0.0953145564622269,95.3145564622269
"1087","2017","34",0,5107,46977,"Outer",0.108712774336377,108.712774336377
"1088","2017","34",1,3575,36156,"Inner",0.0988770881734705,98.8770881734705
"1089","2017","35",0,4760,46874,"Outer",0.101548833041772,101.548833041772
"1090","2017","35",1,3418,34635,"Inner",0.0986862999855637,98.6862999855637
"1091","2017","36",0,4310,47406,"Outer",0.0909167615913597,90.9167615913597
"1092","2017","36",1,3003,32748,"Inner",0.091700256504214,91.700256504214
"1093","2017","37",0,3629,46358,"Outer",0.0782820656628845,78.2820656628845
"1094","2017","37",1,2674,31874,"Inner",0.0838928280102905,83.8928280102905
"1095","2017","38",0,2884,44921,"Outer",0.0642015983615681,64.2015983615681
"1096","2017","38",1,2074,29601,"Inner",0.0700652004999831,70.0652004999831
"1097","2017","39",0,2097,41761,"Outer",0.0502143147913125,50.2143147913125
"1098","2017","39",1,1675,27337,"Inner",0.0612722683542452,61.2722683542452
"1099","2017","42",0,4581,194773,"Outer",0.0235196870202749,23.5196870202749
"1100","2017","42",1,3591,122926,"Inner",0.0292126970697818,29.2126970697818
"1101","2018","17",0,1307,143286,"Outer",0.00912161690604804,9.12161690604804
"1102","2018","17",1,636,82593,"Inner",0.00770041044640587,7.70041044640587
"1103","2018","20",0,863,25378,"Outer",0.0340058318228387,34.0058318228387
"1104","2018","20",1,499,22258,"Inner",0.0224189055620451,22.4189055620451
"1105","2018","21",0,1160,27916,"Outer",0.0415532311219372,41.5532311219372
"1106","2018","21",1,667,24635,"Inner",0.0270752993708139,27.0752993708139
"1107","2018","22",0,1445,31496,"Outer",0.0458788417576835,45.8788417576835
"1108","2018","22",1,836,28857,"Inner",0.028970440447725,28.970440447725
"1109","2018","23",0,1771,35244,"Outer",0.0502496878901373,50.2496878901373
"1110","2018","23",1,1002,36430,"Inner",0.0275048037331869,27.5048037331869
"1111","2018","24",0,2082,38057,"Outer",0.0547074125653625,54.7074125653625
"1112","2018","24",1,1160,40782,"Inner",0.0284439213378451,28.4439213378451
"1113","2018","25",0,2514,40002,"Outer",0.0628468576571171,62.8468576571171
"1114","2018","25",1,1324,43084,"Inner",0.0307306656763532,30.7306656763532
"1115","2018","26",0,2977,41907,"Outer",0.0710382513661202,71.0382513661202
"1116","2018","26",1,1582,44518,"Inner",0.0355361876095063,35.5361876095063
"1117","2018","27",0,3462,43179,"Outer",0.0801778642395609,80.1778642395609
"1118","2018","27",1,1805,45324,"Inner",0.0398243756067426,39.8243756067426
"1119","2018","28",0,4045,45202,"Outer",0.0894871908322641,89.4871908322641
"1120","2018","28",1,2194,46424,"Inner",0.0472600379114251,47.2600379114251
"1121","2018","29",0,4436,45908,"Outer",0.0966280386860678,96.6280386860678
"1122","2018","29",1,2531,45948,"Inner",0.0550840080090537,55.0840080090537
"1123","2018","30",0,4811,47267,"Outer",0.101783485306874,101.783485306874
"1124","2018","30",1,2846,44894,"Inner",0.0633937719962579,63.3937719962579
"1125","2018","31",0,5165,46825,"Outer",0.11030432461292,110.30432461292
"1126","2018","31",1,3257,42586,"Inner",0.0764805335086648,76.4805335086648
"1127","2018","32",0,5315,47375,"Outer",0.112189973614776,112.189973614776
"1128","2018","32",1,3483,40958,"Inner",0.0850383319498022,85.0383319498022
"1129","2018","33",0,5083,47402,"Outer",0.107231762372896,107.231762372896
"1130","2018","33",1,3529,39120,"Inner",0.0902096114519427,90.2096114519427
"1131","2018","34",0,5003,46445,"Outer",0.107718807191302,107.718807191302
"1132","2018","34",1,3529,36233,"Inner",0.0973974001600751,97.3974001600751
"1133","2018","35",0,4678,46792,"Outer",0.0999743545905283,99.9743545905283
"1134","2018","35",1,3337,34631,"Inner",0.0963587537177673,96.3587537177673
"1135","2018","36",0,4110,46893,"Outer",0.0876463438039793,87.6463438039793
"1136","2018","36",1,2973,32936,"Inner",0.0902659703667719,90.2659703667719
"1137","2018","37",0,3545,47255,"Outer",0.0750185165590943,75.0185165590943
"1138","2018","37",1,2530,31450,"Inner",0.0804451510333863,80.4451510333863
"1139","2018","38",0,2867,46341,"Outer",0.061867460779871,61.867460779871
"1140","2018","38",1,2168,30641,"Inner",0.0707548709245782,70.7548709245782
"1141","2018","39",0,2274,44814,"Outer",0.0507430713616281,50.7430713616281
"1142","2018","39",1,1713,28463,"Inner",0.0601833959877736,60.1833959877736
"1143","2018","42",0,4436,198422,"Outer",0.0223563919323462,22.3563919323462
"1144","2018","42",1,3720,124572,"Inner",0.0298622483383104,29.8622483383104
"1145","2019","17",0,1231,146006,"Outer",0.00843116036327274,8.43116036327274
"1146","2019","17",1,613,84849,"Inner",0.00722459899350611,7.22459899350611
"1147","2019","20",0,870,25640,"Outer",0.0339313572542902,33.9313572542902
"1148","2019","20",1,490,21911,"Inner",0.0223631965679339,22.3631965679339
"1149","2019","21",0,1100,28188,"Outer",0.0390236980275294,39.0236980275294
"1150","2019","21",1,627,24514,"Inner",0.025577221179734,25.577221179734
"1151","2019","22",0,1432,31727,"Outer",0.0451350584675513,45.1350584675513
"1152","2019","22",1,806,28559,"Inner",0.0282222766903603,28.2222766903603
"1153","2019","23",0,1729,34819,"Outer",0.0496567965765818,49.6567965765817
"1154","2019","23",1,941,36156,"Inner",0.0260261090828631,26.0261090828631
"1155","2019","24",0,2095,37006,"Outer",0.0566124412257472,56.6124412257472
"1156","2019","24",1,1105,40964,"Inner",0.0269749047944537,26.9749047944537
"1157","2019","25",0,2412,38856,"Outer",0.0620753551575046,62.0753551575046
"1158","2019","25",1,1304,43358,"Inner",0.0300751879699248,30.0751879699248
"1159","2019","26",0,2777,40464,"Outer",0.0686289047054172,68.6289047054172
"1160","2019","26",1,1464,44581,"Inner",0.0328391018595366,32.8391018595366
"1161","2019","27",0,3316,42432,"Outer",0.0781485671191554,78.1485671191554
"1162","2019","27",1,1701,45330,"Inner",0.0375248180013236,37.5248180013236
"1163","2019","28",0,3739,43716,"Outer",0.0855293256473602,85.5293256473602
"1164","2019","28",1,1952,45435,"Inner",0.0429624738637614,42.9624738637614
"1165","2019","29",0,4301,45275,"Outer",0.094997239094423,94.997239094423
"1166","2019","29",1,2299,45644,"Inner",0.0503680659013233,50.3680659013233
"1167","2019","30",0,4678,46178,"Outer",0.101303651089263,101.303651089263
"1168","2019","30",1,2751,44660,"Inner",0.0615987460815047,61.5987460815047
"1169","2019","31",0,5212,47295,"Outer",0.110201924093456,110.201924093456
"1170","2019","31",1,3164,43036,"Inner",0.0735198438516591,73.5198438516591
"1171","2019","32",0,5236,46762,"Outer",0.111971258714341,111.971258714341
"1172","2019","32",1,3291,40728,"Inner",0.0808043606364172,80.8043606364172
"1173","2019","33",0,5079,47348,"Outer",0.107269578440483,107.269578440483
"1174","2019","33",1,3423,38611,"Inner",0.088653492528036,88.653492528036
"1175","2019","34",0,5013,47494,"Outer",0.105550174758917,105.550174758917
"1176","2019","34",1,3367,36876,"Inner",0.0913059984813971,91.3059984813971
"1177","2019","35",0,4627,46163,"Outer",0.100231787362173,100.231787362173
"1178","2019","35",1,3186,34302,"Inner",0.0928808815812489,92.8808815812489
"1179","2019","36",0,4007,46692,"Outer",0.0858176989634199,85.8176989634199
"1180","2019","36",1,2937,32641,"Inner",0.0899788609417604,89.9788609417604
"1181","2019","37",0,3491,46614,"Outer",0.0748916634487493,74.8916634487493
"1182","2019","37",1,2530,31254,"Inner",0.0809496384462789,80.9496384462789
"1183","2019","38",0,2912,47108,"Outer",0.0618154029039654,61.8154029039654
"1184","2019","38",1,2116,29949,"Inner",0.0706534441884537,70.6534441884537
"1185","2019","39",0,2341,46253,"Outer",0.0506129332151428,50.6129332151428
"1186","2019","39",1,1795,29321,"Inner",0.061218921592033,61.218921592033
"1187","2019","42",0,4747,204946,"Outer",0.0231621988231046,23.1621988231046
"1188","2019","42",1,3684,125987,"Inner",0.0292411121782406,29.2411121782406
"1189","2020","17",0,1046,149123,"Outer",0.00701434386379029,7.01434386379029
"1190","2020","17",1,528,87486,"Inner",0.00603525135450243,6.03525135450243
"1191","2020","20",0,808,25904,"Outer",0.0311920938851143,31.1920938851143
"1192","2020","20",1,459,22037,"Inner",0.0208286064346327,20.8286064346327
"1193","2020","21",0,1028,28023,"Outer",0.036684152303465,36.684152303465
"1194","2020","21",1,601,23858,"Inner",0.0251907117109565,25.1907117109565
"1195","2020","22",0,1232,31526,"Outer",0.0390788555478018,39.0788555478018
"1196","2020","22",1,719,27741,"Inner",0.0259183158501856,25.9183158501856
"1197","2020","23",0,1591,35214,"Outer",0.0451808939626285,45.1808939626285
"1198","2020","23",1,853,34251,"Inner",0.0249043823537999,24.9043823537999
"1199","2020","24",0,1948,36486,"Outer",0.0533903415008496,53.3903415008496
"1200","2020","24",1,984,39188,"Inner",0.0251097274675921,25.1097274675921
"1201","2020","25",0,2297,37876,"Outer",0.060645263491393,60.645263491393
"1202","2020","25",1,1245,42288,"Inner",0.0294409761634506,29.4409761634506
"1203","2020","26",0,2649,39330,"Outer",0.0673531655225019,67.3531655225019
"1204","2020","26",1,1364,44141,"Inner",0.0309009764164835,30.9009764164835
"1205","2020","27",0,3076,40825,"Outer",0.0753459889773423,75.3459889773423
"1206","2020","27",1,1563,44727,"Inner",0.0349453350325307,34.9453350325307
"1207","2020","28",0,3609,42682,"Outer",0.0845555503490933,84.5555503490933
"1208","2020","28",1,1780,45220,"Inner",0.0393631136665192,39.3631136665192
"1209","2020","29",0,4082,43830,"Outer",0.0931325576089437,93.1325576089437
"1210","2020","29",1,2043,44666,"Inner",0.0457394886490843,45.7394886490843
"1211","2020","30",0,4561,45362,"Outer",0.100546713107888,100.546713107888
"1212","2020","30",1,2456,44449,"Inner",0.0552543364305159,55.2543364305159
"1213","2020","31",0,4908,45945,"Outer",0.106823375775384,106.823375775384
"1214","2020","31",1,3011,42907,"Inner",0.070175029715431,70.1750297154311
"1215","2020","32",0,5082,47157,"Outer",0.10776766969909,107.76766969909
"1216","2020","32",1,3239,41195,"Inner",0.0786260468503459,78.6260468503459
"1217","2020","33",0,4926,46747,"Outer",0.105375746037179,105.375746037179
"1218","2020","33",1,3295,38483,"Inner",0.0856222227996778,85.6222227996778
"1219","2020","34",0,4760,47218,"Outer",0.100809013511796,100.809013511796
"1220","2020","34",1,3346,36592,"Inner",0.0914407520769567,91.4407520769567
"1221","2020","35",0,4378,47318,"Outer",0.0925229299632275,92.5229299632275
"1222","2020","35",1,3127,34948,"Inner",0.0894757926061577,89.4757926061577
"1223","2020","36",0,3964,46165,"Outer",0.0858659157370302,85.8659157370302
"1224","2020","36",1,2738,32535,"Inner",0.0841555248194252,84.1555248194252
"1225","2020","37",0,3335,46485,"Outer",0.0717435731956545,71.7435731956545
"1226","2020","37",1,2342,31113,"Inner",0.0752740012213544,75.2740012213544
"1227","2020","38",0,2725,46396,"Outer",0.0587335115096129,58.7335115096129
"1228","2020","38",1,1981,29838,"Inner",0.0663918493196595,66.3918493196595
"1229","2020","39",0,2191,46918,"Outer",0.0466984952470267,46.6984952470267
"1230","2020","39",1,1561,28772,"Inner",0.054254135965522,54.254135965522
"1231","2020","42",0,4640,211592,"Outer",0.0219289954251578,21.9289954251579
"1232","2020","42",1,3599,128230,"Inner",0.0280667550495204,28.0667550495204
"1233","2021","17",0,880,152236,"Outer",0.00578049869938779,5.78049869938779
"1234","2021","17",1,435,89815,"Inner",0.00484328898290931,4.84328898290931
"1235","2021","20",0,716,25170,"Outer",0.0284465633690902,28.4465633690902
"1236","2021","20",1,413,22253,"Inner",0.0185592953759044,18.5592953759044
"1237","2021","21",0,955,27751,"Outer",0.0344131743000252,34.4131743000252
"1238","2021","21",1,595,24344,"Inner",0.0244413407821229,24.4413407821229
"1239","2021","22",0,1201,31409,"Outer",0.0382374478652616,38.2374478652616
"1240","2021","22",1,687,27883,"Inner",0.0246386687228777,24.6386687228777
"1241","2021","23",0,1486,34230,"Outer",0.043412211510371,43.412211510371
"1242","2021","23",1,831,34218,"Inner",0.0242854637909872,24.2854637909872
"1243","2021","24",0,1860,35869,"Outer",0.0518553625693496,51.8553625693496
"1244","2021","24",1,1012,39026,"Inner",0.0259314303284989,25.9314303284989
"1245","2021","25",0,2199,36138,"Outer",0.0608500747135979,60.8500747135979
"1246","2021","25",1,1210,41805,"Inner",0.028943906231312,28.943906231312
"1247","2021","26",0,2622,37122,"Outer",0.0706319702602231,70.6319702602231
"1248","2021","26",1,1360,43630,"Inner",0.031171212468485,31.171212468485
"1249","2021","27",0,2949,38584,"Outer",0.0764306448268712,76.4306448268712
"1250","2021","27",1,1606,43964,"Inner",0.0365298880902557,36.5298880902557
"1251","2021","28",0,3311,40085,"Outer",0.0825994761132593,82.5994761132593
"1252","2021","28",1,1734,43350,"Inner",0.04,40
"1253","2021","29",0,3726,41845,"Outer",0.0890428964033935,89.0428964033935
"1254","2021","29",1,1959,42985,"Inner",0.0455740374549261,45.5740374549261
"1255","2021","30",0,4337,43076,"Outer",0.100682514625313,100.682514625313
"1256","2021","30",1,2425,41729,"Inner",0.0581130628579645,58.1130628579645
"1257","2021","31",0,4701,44369,"Outer",0.105952354121121,105.952354121121
"1258","2021","31",1,3000,40957,"Inner",0.0732475523109603,73.2475523109603
"1259","2021","32",0,4947,45165,"Outer",0.109531717037529,109.531717037529
"1260","2021","32",1,3311,39271,"Inner",0.0843115785184997,84.3115785184997
"1261","2021","33",0,5018,46390,"Outer",0.10816986419487,108.16986419487
"1262","2021","33",1,3381,37479,"Inner",0.0902105178900184,90.2105178900184
"1263","2021","34",0,4993,45891,"Outer",0.108801290013292,108.801290013292
"1264","2021","34",1,3337,35165,"Inner",0.0948954926773781,94.8954926773781
"1265","2021","35",0,4500,46241,"Outer",0.0973162345104993,97.3162345104993
"1266","2021","35",1,3217,33508,"Inner",0.0960069237197087,96.0069237197087
"1267","2021","36",0,4034,46297,"Outer",0.0871330755772512,87.1330755772512
"1268","2021","36",1,2873,32164,"Inner",0.089323467230444,89.323467230444
"1269","2021","37",0,3519,45340,"Outer",0.077613586237318,77.613586237318
"1270","2021","37",1,2517,30149,"Inner",0.0834853560648778,83.4853560648778
"1271","2021","38",0,2788,45724,"Outer",0.0609745429096317,60.9745429096317
"1272","2021","38",1,1975,28901,"Inner",0.0683367357530881,68.3367357530881
"1273","2021","39",0,2330,45481,"Outer",0.0512301840328929,51.2301840328929
"1274","2021","39",1,1634,27868,"Inner",0.0586335582029568,58.6335582029568
"1275","2021","42",0,4766,216490,"Outer",0.0220148736662201,22.0148736662202
"1276","2021","42",1,3606,127549,"Inner",0.0282714878203671,28.2714878203671
